ticker,bics_sector,E_score,S_score,G_score,ESG_score,esg_data_flag,sasb_e_weight,sasb_s_weight,sasb_g_weight,bloomberg_esg_disclosure,sustainalytics_risk_score,tri_sources_available,tri_passes,triangulation_result,carbon_intensity,ci_source,data_vintage,yf_ticker,idBbGlobalCompanyName,annual_return_pct,annual_volatility_pct,sharpe_ratio,max_drawdown_pct,data_vintage_fin,roe_pct,debt_to_equity,revenue_growth_pct,beta,encore_score,aqueduct_score,biodiversity_score,nature_risk_tier,taxonomy_eligible_pct,taxonomy_aligned_pct,euTaxnmyEstmatdDnshMitgtnLevl1,euTaxnmyEstmatdDnshMitgtnLevl2,euTaxnmyEstmatdDnshAdapttnLevl1,euTaxnmyEstmatdDnshAdapttnLevl2,gw_exclude,gw_watchlist
SEBA,Financials,52.39,48.12,46.69677843358175,48.33,OK,0.2,0.35,0.45,59.42,,2,1,WATCHLIST,0.5349999999999999,sector_median_imputed,2026-05-14,SEB-A.ST,Skandinaviska Enskilda Banken AB,16.18,23.98,0.55,-40.48,2026-05-12,13.63,,-6.8,,2.5,2.0,32.5,Low,,,66.67,,71.43,,False,False
ALV,Financials,61.95,65.88,68.71721408640765,66.37,OK,0.2,0.35,0.45,59.3,,2,2,PASS,0.5349999999999999,sector_median_imputed,2026-05-14,ALV.DE,Allianz SE,16.43,22.28,0.603,-48.71,2026-05-12,17.53,0.532,-5.6,,2.5,2.0,32.5,Low,,,77.78,,85.71,,False,False
E7V,Industrials,51.8,38.42,89.41991635479094,54.64,OK,0.45,0.35,0.2,59.55,,2,2,PASS,4.87,sector_median_imputed,2026-05-14,RXL.PA,Rexel SA,20.38,36.88,0.471,-65.28,2026-05-12,10.78,0.945,-0.2,,2.5,2.5,37.5,Medium,,0.0,66.67,,28.57,,False,False
IES,Financials,52.1,69.65,54.195658881905146,59.19,OK,0.2,0.35,0.45,73.75,,2,2,PASS,0.5349999999999999,sector_median_imputed,2026-05-14,ISP.MI,Intesa Sanpaolo SpA,19.64,29.87,0.557,-54.12,2026-05-12,14.01,,8.5,,2.5,2.0,32.5,Low,,,55.56,,42.86,,False,False
RWE,Utilities,35.85,47.53,69.6802698375964,47.23,OK,0.5,0.25,0.25,64.13,,2,1,WATCHLIST,629.82,sector_median_imputed,2026-05-14,RWE.DE,RWE AG,22.17,28.46,0.674,-61.74,2026-05-12,8.99,0.474,-42.3,,3.5,4.0,67.5,High,13.09,,66.67,,57.14,40.0,False,False
NDA,Materials,,,71.99505743706337,64.81,OK,0.5,0.3,0.2,63.98,,2,2,PASS,4285.61,sector_median_imputed,2026-05-14,NDA.DE,Aurubis AG,22.28,34.11,0.565,-59.28,2026-05-12,17.11,0.091,21.4,,2.5,2.0,32.5,Low,,,11.11,,14.29,,False,False
CBK,Financials,99.99,30.73,50.88844183019592,53.65,OK,0.2,0.35,0.45,53.17,,2,2,PASS,0.5349999999999999,sector_median_imputed,2026-05-14,CBK.DE,Commerzbank AG,23.46,41.21,0.496,-78.97,2026-05-12,8.23,,4.3,,2.5,2.0,32.5,Low,,,88.89,,71.43,,False,False
GBF,Industrials,99.97,2.36,33.394653876590255,52.49,OK,0.45,0.35,0.2,40.84,,2,1,WATCHLIST,4.87,sector_median_imputed,2026-05-14,GBF.DE,Bilfinger SE,19.78,36.5,0.46,-74.91,2026-05-12,13.81,0.278,4.5,,2.5,2.5,37.5,Medium,0.0,,44.44,,14.29,,False,False
HEI,Materials,59.39,27.56,68.81426667956602,51.73,OK,0.5,0.3,0.2,58.44,,2,2,PASS,3982.39,bloomberg_calc,2026-05-14,HEI.DE,HeidelbergCement AG,15.23,29.47,0.415,-66.62,2026-05-12,11.07,0.435,-0.9,,2.5,2.0,32.5,Low,0.0,,77.78,0.0,85.71,80.0,False,False
HOT,Industrials,77.36,10.6,46.967975700755765,47.92,OK,0.45,0.35,0.2,59.23,,2,1,WATCHLIST,0.0,bloomberg_calc,2026-05-14,HOT.DE,HOCHTIEF AG,23.65,32.43,0.637,-72.71,2026-05-12,64.1,5.326,5.6,,2.5,2.5,37.5,Medium,0.0,,66.67,0.0,42.86,40.0,False,False
SIE,Industrials,73.02,50.75,66.89811731368074,64.0,OK,0.45,0.35,0.2,70.15,,2,2,PASS,4.87,sector_median_imputed,2026-05-14,SIE.DE,Siemens AG,17.83,27.56,0.538,-48.67,2026-05-12,12.79,0.784,4.3,,2.5,2.5,37.5,Medium,,,77.78,,57.14,40.0,False,False
MUV2,Financials,51.91,47.26,71.86128970515693,59.26,OK,0.2,0.35,0.45,57.46,,2,2,PASS,1.36,bloomberg_calc,2026-05-14,MUV2.DE,Muenchener Rueckversicherungs-Gesellschaft AG in Muenchen,16.49,24.03,0.561,-48.43,2026-05-12,18.46,0.248,3.0,,2.5,2.0,32.5,Low,,,77.78,,71.43,,False,False
CRIN,Financials,65.5,69.9,86.04421744442217,76.28,OK,0.2,0.35,0.45,61.61,,2,2,PASS,0.5349999999999999,sector_median_imputed,2026-05-14,UCG.MI,UniCredit SpA,25.0,39.77,0.553,-79.52,2026-05-12,16.98,,6.4,,2.5,2.0,32.5,Low,,,77.78,,100.0,,False,False
OMV,Energy,82.2,42.38,60.65440049164139,67.94,OK,0.55,0.25,0.2,64.2,,2,2,PASS,93.825,sector_median_imputed,2026-05-14,OMV.VI,OMV AG,19.7,32.03,0.521,-70.07,2026-05-12,6.81,0.37,-4.1,,2.5,2.0,32.5,Low,,,66.67,,100.0,,False,False
IBE1,Utilities,50.5,63.27,82.24426144827828,61.63,OK,0.5,0.25,0.25,79.43,,2,2,PASS,629.82,sector_median_imputed,2026-05-14,IBE.MC,Iberdrola SA,17.45,19.84,0.728,-28.27,2026-05-12,9.97,0.949,-4.5,,3.5,4.0,67.5,High,59.85,,66.67,50.0,42.86,40.0,False,False
REP,Energy,78.07,51.76,80.75829350992034,72.03,OK,0.55,0.25,0.2,67.81,,2,2,PASS,93.825,sector_median_imputed,2026-05-14,REP.MC,Repsol SA,17.84,30.01,0.494,-64.76,2026-05-12,9.49,0.492,8.4,,2.5,2.0,32.5,Low,0.0,,77.78,,57.14,,False,False
AIXA,Technology,100.0,42.13,60.46215688567166,63.93,OK,0.25,0.35,0.4,50.94,,2,2,PASS,7.99,sector_median_imputed,2026-05-14,AIXA.DE,AIXTRON SE,35.39,50.31,0.644,-75.94,2026-05-12,6.69,0.003,-47.2,,1.5,2.0,17.5,Low,0.0,57.0,66.67,,14.29,,False,False
BAKA,Financials,66.7,65.62,54.48645933036357,60.83,OK,0.2,0.35,0.45,59.73,,2,2,PASS,0.72,bloomberg_calc,2026-05-14,BKT.MC,Bankinter SA,20.16,30.22,0.568,-63.54,2026-05-12,17.69,,6.1,,2.5,2.0,32.5,Low,,,77.78,,57.14,,False,False
INN1,Financials,66.93,50.02,90.52283525728924,71.63,OK,0.2,0.35,0.45,53.66,,2,2,PASS,0.5349999999999999,sector_median_imputed,2026-05-14,INGA.AS,ING Groep NV,18.89,31.83,0.499,-71.09,2026-05-12,16.57,,2.9,,2.5,2.0,32.5,Low,,,66.67,,85.71,,False,False
AXA,Financials,83.33,59.02,84.3552566083072,75.28,OK,0.2,0.35,0.45,52.23,,2,2,PASS,0.5349999999999999,sector_median_imputed,2026-05-14,CS.PA,AXA SA,14.47,24.76,0.463,-51.0,2026-05-12,13.41,1.135,3.2,,2.5,2.0,32.5,Low,,,66.67,,100.0,,False,False
VOL3,Industrials,92.91,48.46,39.98905588110525,66.77,OK,0.45,0.35,0.2,54.65,,2,2,PASS,4.87,sector_median_imputed,2026-05-14,VOLV-B.ST,Volvo AB,20.99,26.53,0.678,-43.81,2026-05-12,16.95,1.35,-9.1,,2.5,2.5,37.5,Medium,0.0,,44.44,,71.43,80.0,False,False
VHM,Industrials,70.12,55.81,34.46755974015485,57.98,OK,0.45,0.35,0.2,68.29,,2,2,PASS,4.87,sector_median_imputed,2026-05-14,SCYR.MC,Sacyr SA,18.75,32.38,0.486,-67.18,2026-05-12,11.3,4.159,5.4,,2.5,2.5,37.5,Medium,0.0,,66.67,50.0,28.57,20.0,False,False
TCO0,Consumer Staples,55.7,56.37,83.58241884417029,62.94,OK,0.35,0.4,0.25,48.12,,2,1,WATCHLIST,85.39,sector_median_imputed,2026-05-14,TSCO.L,Tesco PLC,9.67,23.44,0.284,-44.54,2026-05-12,15.46,1.316,7.2,,3.0,3.0,50.0,Medium,0.0,,77.78,,85.71,100.0,False,False
BNP,Financials,55.78,57.5,75.208014462711,65.12,OK,0.2,0.35,0.45,58.81,,2,2,PASS,0.5349999999999999,sector_median_imputed,2026-05-14,BNP.PA,BNP Paribas SA,16.84,30.97,0.447,-59.43,2026-05-12,9.57,,9.3,,2.5,2.0,32.5,Low,,,77.78,,85.71,,False,False
ASG,Financials,71.22,68.36,65.03512906982809,67.44,OK,0.2,0.35,0.45,55.94,,2,2,PASS,0.5349999999999999,sector_median_imputed,2026-05-14,G.MI,Assicurazioni Generali SpA,18.27,22.29,0.685,-46.74,2026-05-12,13.69,1.137,,,2.5,2.0,32.5,Low,,,55.56,,100.0,,False,False
SOAN,Financials,66.76,58.78,85.04274983557755,72.19,OK,0.2,0.35,0.45,59.63,,2,2,PASS,0.5349999999999999,sector_median_imputed,2026-05-14,UNI.MI,UnipolSai Assicurazioni SpA,28.66,31.96,0.803,-59.78,2026-05-12,15.04,0.467,7.2,,2.5,2.0,32.5,Low,0.0,,66.67,25.0,71.43,80.0,False,False
SND,Industrials,71.82,49.42,73.97034733204666,64.41,OK,0.45,0.35,0.2,61.26,,2,2,PASS,4.87,sector_median_imputed,2026-05-14,SU.PA,Schneider Electric SE,20.95,27.18,0.66,-36.94,2026-05-12,15.61,0.814,4.2,,2.5,2.5,37.5,Medium,59.85,,77.78,,71.43,60.0,False,False
NOA3,Technology,69.54,34.72,64.04406684595243,55.15,OK,0.25,0.35,0.4,66.25,,2,2,PASS,7.99,sector_median_imputed,2026-05-14,NOKIA.HE,Nokia Oyj,15.16,34.16,0.356,-66.56,2026-05-12,3.72,0.156,2.4,,1.5,2.0,17.5,Low,0.0,,66.67,,57.14,60.0,False,False
BSI,Technology,66.67,32.29,55.59557680090799,50.21,OK,0.25,0.35,0.4,44.28,,2,1,WATCHLIST,7.99,sector_median_imputed,2026-05-14,BESI.AS,BE Semiconductor Industries NV,42.64,43.5,0.911,-61.59,2026-05-12,31.27,1.136,28.3,,1.5,2.0,17.5,Low,0.0,0.0,77.78,,57.14,,False,False
ASME,Technology,59.49,52.57,82.95406068078985,66.45,OK,0.25,0.35,0.4,61.28,,2,2,PASS,7.99,sector_median_imputed,2026-05-14,ASML.AS,ASML Holding NV,32.35,33.66,0.872,-47.93,2026-05-12,52.24,0.13,13.2,,1.5,2.0,17.5,Low,0.0,0.0,55.56,,71.43,,False,False
8RJ,Industrials,56.75,10.67,65.01312400126137,42.27,OK,0.45,0.35,0.2,50.84,,2,1,WATCHLIST,4.87,sector_median_imputed,2026-05-14,BEAN.SW,Belimo Holding AG,22.7,29.27,0.673,-44.04,2026-05-12,30.21,0.075,18.9,,2.5,2.5,37.5,Medium,0.0,,77.78,,14.29,20.0,False,False
NOH1,Materials,72.32,63.69,90.05375029674273,73.28,OK,0.5,0.3,0.2,73.34,,2,2,PASS,4285.61,sector_median_imputed,2026-05-14,NHY.OL,Norsk Hydro ASA,21.4,33.85,0.543,-65.83,2026-05-12,6.19,0.307,-11.7,,2.5,2.0,32.5,Low,53.34,28.0,88.89,100.0,71.43,60.0,False,False
ENA,Utilities,53.63,63.08,51.98617961167293,55.58,OK,0.5,0.25,0.25,67.53,,2,2,PASS,629.82,sector_median_imputed,2026-05-14,ELE.MC,Endesa SA,15.81,21.02,0.609,-40.66,2026-05-12,24.46,1.2,-1.3,,3.5,4.0,67.5,High,10.17,27.2,66.67,50.0,42.86,40.0,False,False
BSD2,Financials,67.65,64.37,59.75470046764247,62.95,OK,0.2,0.35,0.45,58.96,,2,2,PASS,0.5349999999999999,sector_median_imputed,2026-05-14,SAN.MC,Banco Santander SA,18.41,33.17,0.465,-72.65,2026-05-12,12.89,,4.6,,2.5,2.0,32.5,Low,,,77.78,,57.14,,False,False
SUL1,Industrials,65.65,56.58,97.18262699703436,68.78,OK,0.45,0.35,0.2,46.1,,2,1,WATCHLIST,4.87,sector_median_imputed,2026-05-14,SUN.SW,Sulzer AG,14.84,32.31,0.367,-65.66,2026-05-12,23.2,0.915,-1.1,,2.5,2.5,37.5,Medium,0.0,,88.89,,14.29,,False,False
NXG,Consumer Discretionary,98.99,76.66,86.48017258638397,86.93,OK,0.35,0.4,0.25,62.63,,2,2,PASS,0.0,sector_median_imputed,2026-05-14,NXT.L,Next PLC,12.76,30.84,0.316,-57.63,2026-05-12,50.81,1.016,15.3,,2.0,2.0,25.0,Low,0.0,,55.56,25.0,71.43,80.0,False,False
IVS,Financials,50.0,75.11,50.88578371587756,59.19,OK,0.2,0.35,0.45,38.26,,2,1,WATCHLIST,0.5349999999999999,sector_median_imputed,2026-05-14,INVE-B.ST,Investor AB,19.74,20.48,0.817,-32.2,2026-05-12,21.2,0.124,357.3,,2.5,2.0,32.5,Low,,,77.78,,42.86,,False,False
SGM,Technology,73.62,62.16,63.68839909506752,65.64,OK,0.25,0.35,0.4,65.41,,2,2,PASS,7.99,sector_median_imputed,2026-05-14,STM,STMicroelectronics NV,33.1,43.14,0.698,-66.66,2026-05-12,0.91,0.153,23.0,,1.5,2.0,17.5,Low,0.0,,55.56,,57.14,60.0,False,False
NCYD,Communications,66.53,33.09,83.54968920708215,61.6,OK,0.4,0.3,0.3,48.0,,2,1,WATCHLIST,7.99,sector_median_imputed,2026-05-14,TEL2-B.ST,Tele2 AB,19.21,25.04,0.648,-40.37,2026-05-12,39.05,1.054,1.3,,2.5,2.0,32.5,Low,0.0,,77.78,,85.71,80.0,False,False
RYSD,Financials,94.04,50.68,89.05288291769318,76.62,OK,0.2,0.35,0.45,52.11,,2,2,PASS,0.5349999999999999,sector_median_imputed,2026-05-14,NWG.L,NatWest Group PLC,13.58,33.56,0.315,-76.87,2026-05-12,14.07,,7.5,,2.5,2.0,32.5,Low,,,66.67,,100.0,,False,False
1SQ,Financials,99.94,36.81,94.9022187890924,75.58,OK,0.2,0.35,0.45,35.21,,2,1,WATCHLIST,0.5349999999999999,sector_median_imputed,2026-05-14,SQN.SW,Swissquote Group Holding SA,35.06,36.44,0.88,-53.38,2026-05-12,28.9,0.325,8.8,,2.5,2.0,32.5,Low,,,55.56,,14.29,,False,False
EBO,Financials,99.98,51.07,52.07273395133711,61.3,OK,0.2,0.35,0.45,50.82,,2,2,PASS,0.5349999999999999,sector_median_imputed,2026-05-14,EBS.VI,Erste Group Bank AG,21.99,32.4,0.586,-60.97,2026-05-12,12.52,,28.9,,2.5,2.0,32.5,Low,,,55.56,,28.57,,False,False
BOY,Financials,50.89,71.5,60.94151198019779,62.63,OK,0.2,0.35,0.45,57.29,,2,2,PASS,0.5349999999999999,sector_median_imputed,2026-05-14,BBVA.MC,Banco Bilbao Vizcaya Argentaria SA,21.9,33.38,0.566,-70.67,2026-05-12,19.04,,11.9,,2.5,2.0,32.5,Low,,,66.67,,57.14,,False,False
STD,Financials,58.03,64.94,66.7500811518108,64.37,OK,0.2,0.35,0.45,61.56,,2,2,PASS,0.5349999999999999,sector_median_imputed,2026-05-14,STAN.L,Standard Chartered PLC,17.48,32.28,0.449,-68.97,2026-05-12,10.11,,8.6,,2.5,2.0,32.5,Low,,,77.78,,71.43,,False,False
KDB,Financials,47.46,43.69,40.3426470679769,42.94,OK,0.2,0.35,0.45,54.19,,2,1,WATCHLIST,0.5349999999999999,sector_median_imputed,2026-05-14,KBC.BR,KBC Group NV,17.75,29.99,0.492,-48.19,2026-05-12,13.65,,12.4,,2.5,2.0,32.5,Low,,,77.78,,85.71,,False,False
UNC,Health Care,66.75,74.42,79.06801637950865,74.13,OK,0.25,0.4,0.35,53.55,,2,2,PASS,7.99,bloomberg_calc,2026-05-14,UCB.BR,UCB SA,17.28,27.76,0.514,-41.66,2026-05-12,14.91,0.207,26.6,,2.5,2.0,32.5,Low,,0.0,88.89,,42.86,,False,False
AVS,Technology,100.0,60.36,74.35813881182436,75.87,OK,0.25,0.35,0.4,49.52,,2,1,WATCHLIST,7.99,sector_median_imputed,2026-05-14,ASM.AS,ASM International NV,40.33,40.45,0.923,-53.88,2026-05-12,24.94,0.017,2.8,,1.5,2.0,17.5,Low,0.0,0.0,55.56,,71.43,,False,False
SEO,Technology,50.04,37.09,84.12470169688613,59.14,OK,0.25,0.35,0.4,53.44,,2,2,PASS,7.99,sector_median_imputed,2026-05-14,SRP.L,Serco Group PLC,14.1,29.22,0.38,-58.35,2026-05-12,16.97,1.041,1.2,,1.5,2.0,17.5,Low,25.0,,77.78,,100.0,100.0,False,False
SVKB,Industrials,74.94,62.11,44.27560644003265,64.32,OK,0.45,0.35,0.2,61.58,,2,2,PASS,4.87,bloomberg_calc,2026-05-14,SAND.ST,Sandvik AB,20.46,27.86,0.627,-39.58,2026-05-12,15.35,0.413,4.7,,2.5,2.5,37.5,Medium,0.0,,55.56,50.0,28.57,40.0,False,False
OCI1,Industrials,70.62,60.88,43.56039126293447,61.8,OK,0.45,0.35,0.2,64.95,,2,2,PASS,4.87,sector_median_imputed,2026-05-14,ACS.MC,ACS Actividades de Construccion y Servicios SA,24.96,30.27,0.725,-70.5,2026-05-12,23.49,2.985,9.8,,2.5,2.5,37.5,Medium,0.0,,77.78,,42.86,40.0,False,False
JYS1,Financials,50.04,74.59,43.80381230268822,55.83,OK,0.2,0.35,0.45,30.99,,2,1,WATCHLIST,0.5349999999999999,sector_median_imputed,2026-05-14,JYSK.CO,Jyske Bank A/S,16.3,27.76,0.479,-60.35,2026-05-12,10.29,,-8.1,,2.5,2.0,32.5,Low,0.0,,66.67,25.0,28.57,20.0,False,False
IMI1,Industrials,99.99,25.87,79.97882228836427,70.05,OK,0.45,0.35,0.2,46.95,,2,1,WATCHLIST,4.87,sector_median_imputed,2026-05-14,IMI.L,IMI PLC,13.87,27.19,0.4,-53.22,2026-05-12,28.25,0.58,9.1,,2.5,2.5,37.5,Medium,0.0,,66.67,,57.14,,False,False
ABJ,Industrials,71.64,58.26,72.5752744427437,67.14,OK,0.45,0.35,0.2,66.2,,2,2,PASS,4.87,sector_median_imputed,2026-05-14,ABBN.SW,ABB Ltd,20.39,23.58,0.738,-40.5,2026-05-12,33.55,0.597,18.3,,2.5,2.5,37.5,Medium,0.0,,66.67,,42.86,40.0,False,False
HBC1,Financials,53.66,56.94,87.0524189531154,69.83,OK,0.2,0.35,0.45,63.26,,2,2,PASS,0.5349999999999999,sector_median_imputed,2026-05-14,HSBA.L,HSBC Holdings PLC,13.47,24.71,0.424,-64.36,2026-05-12,11.61,,3.3,,2.5,2.0,32.5,Low,,,77.78,,85.71,,False,False
DB1,Financials,50.11,38.51,62.92220269705482,51.82,OK,0.2,0.35,0.45,51.63,,2,2,PASS,0.5349999999999999,sector_median_imputed,2026-05-14,DB1.DE,Deutsche Boerse AG,16.32,21.57,0.618,-36.97,2026-05-12,19.2,0.654,8.5,,2.5,2.0,32.5,Low,,0.0,77.78,,57.14,,False,False
SOC,Energy,91.92,4.5,66.61606089600545,65.0,OK,0.55,0.25,0.2,56.13,,2,2,PASS,53.27,bloomberg_calc,2026-05-14,SUBC.OL,Subsea 7 SA,24.44,36.47,0.588,-70.34,2026-05-12,10.88,0.192,17.0,,2.5,2.0,32.5,Low,,,66.67,,42.86,,False,False
MLT,Technology,100.0,40.04,60.21766407615127,63.1,OK,0.25,0.35,0.4,45.35,,2,1,WATCHLIST,7.99,sector_median_imputed,2026-05-14,MYCR.ST,Mycronic AB,29.63,37.24,0.715,-55.56,2026-05-12,22.17,0.051,16.9,,1.5,2.0,17.5,Low,0.0,,44.44,,28.57,,False,False
UCM,Materials,33.03,40.32,62.76477681233989,41.16,OK,0.5,0.3,0.2,60.3,,2,1,WATCHLIST,6439.03,bloomberg_calc,2026-05-14,BZU.MI,Buzzi Unicem SpA,16.6,31.15,0.436,-44.77,2026-05-12,13.44,0.062,2.9,,2.5,2.0,32.5,Low,0.0,,44.44,0.0,14.29,0.0,False,False
BIH,Industrials,99.85,37.6,81.85600214280973,74.46,OK,0.45,0.35,0.2,58.59,,2,2,PASS,4.87,sector_median_imputed,2026-05-14,BBY.L,Balfour Beatty PLC,15.96,26.96,0.481,-39.04,2026-05-12,23.14,0.888,14.2,,2.5,2.5,37.5,Medium,0.0,,55.56,33.33,71.43,80.0,False,False
AA9,Industrials,68.16,29.45,57.136471963928365,52.41,OK,0.45,0.35,0.2,52.15,,2,2,PASS,4.87,sector_median_imputed,2026-05-14,ALFA.ST,Alfa Laval AB,19.23,27.02,0.601,-41.84,2026-05-12,18.3,0.402,-3.3,,2.5,2.5,37.5,Medium,0.0,,66.67,,42.86,40.0,False,False
AJ3,Industrials,73.37,48.32,73.25417352745208,64.58,OK,0.45,0.35,0.2,69.76,,2,2,PASS,4.87,sector_median_imputed,2026-05-14,ANA.MC,Acciona SA,20.1,28.63,0.597,-50.83,2026-05-12,17.83,2.148,-1.7,,2.5,2.5,37.5,Medium,26.75,39.4,55.56,0.0,57.14,40.0,False,False
IHCB,Energy,100.0,49.23,94.55078730664192,86.22,OK,0.55,0.25,0.2,59.73,,2,2,PASS,93.825,sector_median_imputed,2026-05-14,SBMO.AS,SBM Offshore NV,19.42,30.05,0.546,-43.16,2026-05-12,17.98,1.412,19.5,,2.5,2.0,32.5,Low,,,77.78,,100.0,,False,False
DNQ,Energy,65.81,65.45,80.59872366031203,68.68,OK,0.55,0.25,0.2,58.51,,2,2,PASS,93.825,sector_median_imputed,2026-05-14,EQNR.OL,Equinor ASA,19.04,30.0,0.535,-54.23,2026-05-12,12.36,0.73,-5.3,,2.5,2.0,32.5,Low,1.58,0.0,77.78,,85.71,80.0,False,False
IFX,Technology,,,93.7837104180618,73.07,OK,0.25,0.35,0.4,62.33,,2,2,PASS,7.99,sector_median_imputed,2026-05-14,IFX.DE,Infineon Technologies AG,22.52,36.84,0.53,-56.99,2026-05-12,6.31,0.476,,,1.5,2.0,17.5,Low,0.0,,11.11,,0.0,,False,False
IGQ5,Financials,71.73,70.89,82.30173573581735,76.19,OK,0.2,0.35,0.45,52.03,,2,2,PASS,0.5349999999999999,sector_median_imputed,2026-05-14,III.L,3i Group PLC,19.85,29.57,0.57,-49.52,2026-05-12,25.05,0.044,72.1,,2.5,2.0,32.5,Low,0.0,,55.56,25.0,57.14,60.0,False,False
RITN,Consumer Discretionary,57.79,58.08,70.16451183057661,61.0,OK,0.35,0.4,0.25,57.27,,2,2,PASS,0.0,sector_median_imputed,2026-05-14,CFR.SW,Cie Financiere Richemont SA,15.35,30.32,0.407,-47.58,2026-05-12,18.13,0.666,5.4,,2.0,2.0,25.0,Low,,,55.56,,28.57,,False,False
TLLB,Industrials,63.3,20.79,40.99881130293318,43.96,OK,0.45,0.35,0.2,52.57,,2,1,WATCHLIST,14.68,bloomberg_calc,2026-05-14,TREL-B.ST,Trelleborg AB,15.28,29.87,0.411,-57.31,2026-05-12,9.46,0.268,-2.9,,2.5,2.5,37.5,Medium,0.0,0.0,55.56,,71.43,,False,False
EAM,Utilities,74.81,50.25,50.38270530539773,62.56,OK,0.5,0.25,0.25,76.64,,2,2,PASS,629.82,bloomberg_calc,2026-05-14,A2A.MI,A2A SpA,13.95,24.73,0.443,-48.31,2026-05-12,12.43,1.119,3.5,,3.5,4.0,67.5,High,11.57,,55.56,,42.86,40.0,False,False
EOAN,Utilities,85.61,57.3,72.2250789247106,75.19,OK,0.5,0.25,0.25,70.52,,2,2,PASS,629.82,sector_median_imputed,2026-05-14,EOAN.DE,E.ON SE,15.06,22.6,0.533,-50.21,2026-05-12,9.12,1.49,-10.4,,3.5,4.0,67.5,High,16.07,18.0,88.89,100.0,57.14,60.0,False,False
MTA,Industrials,90.89,58.77,74.42380626375203,76.35,OK,0.45,0.35,0.2,72.45,,2,2,PASS,4.87,sector_median_imputed,2026-05-14,WRT1V.HE,Wartsila OYJ Abp,17.69,33.57,0.438,-72.14,2026-05-12,27.26,0.228,-0.3,,2.5,2.5,37.5,Medium,0.0,,77.78,,14.29,20.0,False,False
HNR1,Financials,48.14,64.37,42.78263253845101,51.41,OK,0.2,0.35,0.45,46.88,,2,1,WATCHLIST,0.09,bloomberg_calc,2026-05-14,HNR1.DE,Hannover Rueck SE,14.5,23.18,0.496,-44.13,2026-05-12,21.71,0.279,-22.9,,2.5,2.0,32.5,Low,,,66.67,,71.43,,False,False
ZEG,Health Care,60.01,84.55,70.98285005388038,73.67,OK,0.25,0.4,0.35,65.31,,2,2,PASS,15.735,sector_median_imputed,2026-05-14,AZN.L,AstraZeneca PLC,14.52,24.08,0.478,-27.17,2026-05-12,23.48,0.718,12.5,,2.5,2.0,32.5,Low,,,77.78,,57.14,,False,False
BCY,Financials,99.98,40.33,83.3213593079834,71.61,OK,0.2,0.35,0.45,54.81,,2,2,PASS,0.5349999999999999,sector_median_imputed,2026-05-14,BARC.L,Barclays PLC,14.47,33.87,0.339,-72.2,2026-05-12,9.55,,3.9,,2.5,2.0,32.5,Low,,,77.78,,57.14,,False,False
HVXA,Financials,66.7,47.66,68.54282116029896,60.87,OK,0.2,0.35,0.45,51.21,,2,2,PASS,0.5349999999999999,sector_median_imputed,2026-05-14,HBAN.SW,Helvetia Holding AG,12.79,21.96,0.446,-53.64,2026-05-12,6.31,1.097,17.9,,2.5,2.0,32.5,Low,,,55.56,,28.57,,False,False
SLW,Financials,66.69,48.75,53.14379067754665,54.32,OK,0.2,0.35,0.45,50.53,,2,2,PASS,0.5349999999999999,sector_median_imputed,2026-05-14,SLHN.SW,Swiss Life Holding AG,18.13,21.2,0.714,-49.94,2026-05-12,16.58,1.986,1.1,,2.5,2.0,32.5,Low,0.0,,66.67,25.0,42.86,40.0,False,False
ZFIN,Financials,50.12,66.96,68.5731811884591,64.32,OK,0.2,0.35,0.45,52.08,,2,2,PASS,0.5349999999999999,sector_median_imputed,2026-05-14,ZURN.SW,Zurich Insurance Group AG,16.33,19.19,0.694,-39.33,2026-05-12,25.22,0.588,9.5,,2.5,2.0,32.5,Low,,,77.78,,57.14,,False,False
HF6,Industrials,98.41,23.83,57.05131903338833,64.04,OK,0.45,0.35,0.2,30.35,,2,1,WATCHLIST,4.87,sector_median_imputed,2026-05-14,FRO.OL,Frontline PLC,27.97,47.43,0.526,-81.25,2026-05-12,15.63,1.222,46.7,,2.5,2.5,37.5,Medium,,,77.78,,42.86,,False,False
K34,Industrials,66.74,43.53,64.87153766772607,58.24,OK,0.45,0.35,0.2,53.94,,2,2,PASS,4.87,sector_median_imputed,2026-05-14,KCR.HE,Konecranes Oyj,22.82,35.4,0.56,-64.19,2026-05-12,21.15,0.21,-7.7,,2.5,2.5,37.5,Medium,0.0,,77.78,,57.14,,False,False
NKT,Industrials,70.0,49.0,51.497166562703605,58.95,OK,0.45,0.35,0.2,49.52,,2,1,WATCHLIST,4.87,sector_median_imputed,2026-05-14,NKT.CO,NKT A/S,25.53,39.06,0.577,-74.42,2026-05-12,13.59,0.114,-4.8,,2.5,2.5,37.5,Medium,0.0,40.0,88.89,,14.29,20.0,False,False
HGUA,Industrials,67.85,34.7,49.15694059121783,52.51,OK,0.45,0.35,0.2,45.38,,2,1,WATCHLIST,4.87,sector_median_imputed,2026-05-14,HUBN.SW,Huber + Suhner AG,22.68,27.48,0.716,-42.75,2026-05-12,11.25,,-9.7,,2.5,2.5,37.5,Medium,0.0,,66.67,,28.57,40.0,False,False
TLX,Financials,49.36,68.61,54.28552478503941,58.31,OK,0.2,0.35,0.45,51.02,,2,2,PASS,0.5349999999999999,sector_median_imputed,2026-05-14,TLX.DE,Talanx AG,19.23,24.7,0.657,-53.74,2026-05-12,19.75,0.396,37.7,,2.5,2.0,32.5,Low,,,66.67,,71.43,,False,False
NXS,Industrials,60.43,21.3,48.7309179495631,44.39,OK,0.45,0.35,0.2,54.7,,2,1,WATCHLIST,4.87,sector_median_imputed,2026-05-14,NEX.PA,Nexans SA,21.46,36.96,0.499,-60.41,2026-05-12,11.44,0.943,,,2.5,2.5,37.5,Medium,0.0,,77.78,,71.43,,False,False
HLBN,Materials,49.48,55.23,82.61339017299966,57.83,OK,0.5,0.3,0.2,73.78,,2,2,PASS,4285.61,bloomberg_calc,2026-05-14,HOLN.SW,Holcim AG,12.85,29.26,0.337,-53.93,2026-05-12,2.09,0.575,-3.6,,2.5,2.0,32.5,Low,0.0,,55.56,0.0,71.43,60.0,False,False
NOT,Health Care,70.0,68.21,91.93582897520116,76.96,OK,0.25,0.4,0.35,67.18,,2,2,PASS,15.735,sector_median_imputed,2026-05-14,NOVN.SW,Novartis AG,11.51,17.9,0.476,-32.01,2026-05-12,34.93,1.207,-0.7,,2.5,2.0,32.5,Low,,,77.78,,71.43,,False,False
DJDA,Consumer Discretionary,28.41,50.17,60.228513894467504,45.07,OK,0.35,0.4,0.25,52.45,,2,1,WATCHLIST,0.0,sector_median_imputed,2026-05-14,DIE.BR,D'ieteren Group,26.55,32.28,0.729,-42.79,2026-05-12,,79.109,3.4,,2.0,2.0,25.0,Low,0.0,,66.67,,71.43,80.0,False,False
XCA,Financials,86.99,49.8,61.886057208259146,62.68,OK,0.2,0.35,0.45,50.7,,2,2,PASS,0.5349999999999999,sector_median_imputed,2026-05-14,ACA.PA,Credit Agricole SA,15.6,28.55,0.441,-55.91,2026-05-12,,,-5.8,,2.5,2.0,32.5,Low,,,77.78,,85.71,,False,False
B3K,Industrials,99.35,67.14,44.2594431436072,77.06,OK,0.45,0.35,0.2,32.68,,2,1,WATCHLIST,4.87,sector_median_imputed,2026-05-14,ACKB.BR,Ackermans & van Haaren NV,12.19,19.55,0.47,-33.2,2026-05-12,11.02,0.305,-7.3,,2.5,2.5,37.5,Medium,0.0,15.0,55.56,25.0,28.57,40.0,False,False
SKT,Financials,100.0,40.08,55.10391714256404,58.82,OK,0.2,0.35,0.45,40.27,,2,1,WATCHLIST,0.5349999999999999,sector_median_imputed,2026-05-14,STB.OL,Storebrand ASA,23.23,26.92,0.752,-53.22,2026-05-12,13.91,1.885,,,2.5,2.0,32.5,Low,,,77.78,,100.0,,False,False
SKWA,Materials,93.32,60.28,74.14294775991205,79.57,OK,0.5,0.3,0.2,59.74,,2,2,PASS,4285.61,sector_median_imputed,2026-05-14,SSAB-B.ST,SSAB AB,25.31,38.94,0.573,-66.15,2026-05-12,7.77,0.165,-0.7,,2.5,2.0,32.5,Low,90.68,,55.56,50.0,57.14,60.0,False,False
B7A,Financials,100.0,64.27,61.585919476913126,70.21,OK,0.2,0.35,0.45,53.34,,2,2,PASS,0.5349999999999999,sector_median_imputed,2026-05-14,BGN.MI,Banca Generali SpA,16.41,28.46,0.471,-49.37,2026-05-12,28.24,,11.6,,2.5,2.0,32.5,Low,,,77.78,,42.86,,False,False
RTZ,Materials,,,65.34818231220896,63.48,OK,0.5,0.3,0.2,57.56,,2,2,PASS,4285.61,sector_median_imputed,2026-05-14,PAF.L,Pan African Resources PLC,37.0,53.07,0.641,-72.97,2026-05-12,43.55,0.198,157.3,,2.5,2.0,32.5,Low,,,11.11,,14.29,,False,False
FG1,Materials,50.78,53.44,75.86214409199462,56.59,OK,0.5,0.3,0.2,68.03,,2,2,PASS,4285.61,sector_median_imputed,2026-05-14,ANTO.L,Antofagasta PLC,27.97,38.22,0.653,-57.14,2026-05-12,15.13,0.531,31.8,,2.5,2.0,32.5,Low,0.0,,55.56,,57.14,60.0,False,False
IC1H,Consumer Discretionary,53.23,81.41,86.24673808721829,72.76,OK,0.35,0.4,0.25,56.51,,2,2,PASS,0.0,sector_median_imputed,2026-05-14,IHG.L,InterContinental Hotels Group PLC,18.16,31.58,0.48,-58.23,2026-05-12,,,2.7,,2.0,2.0,25.0,Low,,,77.78,,71.43,,False,False
UEI,Utilities,99.97,51.57,55.996593283027735,76.88,OK,0.5,0.25,0.25,66.04,,2,2,PASS,629.82,sector_median_imputed,2026-05-14,TRN.MI,Terna - Rete Elettrica Nazionale,12.82,20.67,0.475,-30.56,2026-05-12,13.34,1.734,9.6,,3.5,4.0,67.5,High,100.0,,66.67,50.0,57.14,60.0,False,False
I7G,Health Care,60.4,54.26,50.05971725815336,54.32,OK,0.25,0.4,0.35,62.84,,2,2,PASS,15.735,sector_median_imputed,2026-05-14,IPN.PA,Ipsen SA,17.25,31.87,0.447,-75.62,2026-05-12,10.44,0.224,9.3,,2.5,2.0,32.5,Low,,0.0,77.78,,42.86,,False,False
HDB,Financials,0.0,57.58,39.0257868282018,37.71,OK,0.2,0.35,0.45,39.17,,2,0,WATCHLIST,0.5349999999999999,sector_median_imputed,2026-05-14,AZM.MI,Azimut Holding SpA,16.55,30.87,0.439,-57.92,2026-05-12,26.43,0.031,12.7,,2.5,2.0,32.5,Low,,,22.22,,28.57,,False,False
H3M,Materials,70.33,31.01,73.49281924268844,59.17,OK,0.5,0.3,0.2,43.62,,2,1,WATCHLIST,4285.61,sector_median_imputed,2026-05-14,HOC.L,Hochschild Mining PLC,32.5,54.96,0.537,-82.56,2026-05-12,31.63,0.397,19.1,,2.5,2.0,32.5,Low,,,88.89,,57.14,,False,False
RAW,Financials,70.57,60.85,71.75925925925927,67.7,OK,0.2,0.35,0.45,53.36,,2,2,PASS,0.5349999999999999,sector_median_imputed,2026-05-14,RBI.VI,Raiffeisen Bank International AG,22.64,36.58,0.537,-65.9,2026-05-12,6.13,,-6.3,,2.5,2.0,32.5,Low,,,66.67,,14.29,,False,False
E4S,Utilities,99.99,10.82,45.95474871229921,64.19,OK,0.5,0.25,0.25,45.6,,2,1,WATCHLIST,629.82,sector_median_imputed,2026-05-14,ELI.BR,Elia Group SA/NV,15.85,25.5,0.504,-60.15,2026-05-12,9.03,1.987,14.6,,3.5,4.0,67.5,High,94.68,,44.44,50.0,28.57,40.0,False,False
ARRD,Materials,30.94,50.78,71.76564905161706,45.06,OK,0.5,0.3,0.2,61.73,,2,1,WATCHLIST,4285.61,sector_median_imputed,2026-05-14,MT.AS,ArcelorMittal SA,21.9,42.06,0.449,-78.62,2026-05-12,5.43,0.239,4.5,,2.5,2.0,32.5,Low,0.0,,77.78,0.0,42.86,40.0,False,False
GZF,Utilities,44.13,33.2,65.51491393488759,46.74,OK,0.5,0.25,0.25,61.93,,2,1,WATCHLIST,629.82,sector_median_imputed,2026-05-14,ENGI.PA,Engie SA,15.76,23.14,0.551,-47.74,2026-05-12,11.54,1.352,-6.6,,3.5,4.0,67.5,High,10.0,,77.78,,85.71,80.0,False,False
D9F2,Utilities,99.23,51.67,87.99149306226272,84.53,OK,0.5,0.25,0.25,62.29,,2,2,PASS,629.82,sector_median_imputed,2026-05-14,DRX.L,Drax Group PLC,15.94,34.24,0.378,-70.55,2026-05-12,3.59,0.629,-8.7,,3.5,4.0,67.5,High,0.0,,77.78,,85.71,80.0,False,False
B6E,Health Care,100.0,64.0,38.513439400648295,64.08,OK,0.25,0.4,0.35,42.44,,2,1,WATCHLIST,15.735,sector_median_imputed,2026-05-14,SOBI.ST,Swedish Orphan Biovitrum AB,18.42,33.71,0.457,-56.58,2026-05-12,2.31,0.472,11.1,,2.5,2.0,32.5,Low,,0.0,55.56,,28.57,,False,False
OFK,Health Care,74.14,75.41,74.25588108676935,74.69,OK,0.25,0.4,0.35,65.15,,2,2,PASS,23.48,bloomberg_calc,2026-05-14,ORNBV.HE,Orion Oyj,15.39,28.22,0.439,-58.91,2026-05-12,48.37,0.294,17.8,,2.5,2.0,32.5,Low,,0.0,77.78,,14.29,,False,False
LRC,Industrials,95.83,47.76,81.1180858104305,76.06,OK,0.45,0.35,0.2,63.79,,2,2,PASS,4.87,sector_median_imputed,2026-05-14,LR.PA,Legrand SA,15.42,23.75,0.523,-36.14,2026-05-12,16.86,0.851,11.4,,2.5,2.5,37.5,Medium,0.0,,77.78,,42.86,40.0,False,False
TW11,Materials,98.95,61.69,50.55039168705918,78.09,OK,0.5,0.3,0.2,48.48,,2,1,WATCHLIST,4285.61,sector_median_imputed,2026-05-14,TEN.MI,Tenaris SA,17.26,34.68,0.411,-76.43,2026-05-12,11.62,0.027,6.1,,2.5,2.0,32.5,Low,0.0,,66.67,100.0,71.43,80.0,False,False
IHJN,Financials,50.0,40.36,74.72645412800154,57.75,OK,0.2,0.35,0.45,21.93,,2,1,WATCHLIST,0.5349999999999999,sector_median_imputed,2026-05-14,VZN.SW,VZ Holding AG,14.53,24.75,0.466,-32.9,2026-05-12,21.07,0.609,7.1,,2.5,2.0,32.5,Low,,,66.67,,14.29,,False,False
M6Q,Industrials,72.01,37.91,95.16116949357392,64.71,OK,0.45,0.35,0.2,66.92,,2,2,PASS,4.87,sector_median_imputed,2026-05-14,METSO.HE,Metso Outotec Oyj,24.08,41.56,0.507,-65.84,2026-05-12,17.57,0.552,3.3,,2.5,2.5,37.5,Medium,,,77.78,,71.43,,False,False
FTD,Health Care,,,,,LOW_DATA,0.25,0.4,0.35,,,0,0,LOW_DATA,15.735,sector_median_imputed,2026-05-14,TUB.BR,Financiere de Tubize SA,16.41,26.49,0.506,-38.15,2026-05-12,5.0,,,,2.5,2.0,32.5,Low,,,,,,,False,False
48CA,Financials,67.1,69.7,52.55849302685532,61.47,OK,0.2,0.35,0.45,58.14,,2,2,PASS,0.5349999999999999,sector_median_imputed,2026-05-14,CABK.MC,CaixaBank SA,23.76,32.79,0.633,-61.51,2026-05-12,16.02,,2.7,,2.5,2.0,32.5,Low,,,55.56,,42.86,,False,False
AZZ2,Industrials,50.04,45.13,56.10595363370639,49.53,OK,0.45,0.35,0.2,45.48,,2,0,WATCHLIST,4.87,sector_median_imputed,2026-05-14,ADDT-B.ST,AddTech AB,30.83,33.94,0.82,-41.72,2026-05-12,29.33,0.783,1.4,,2.5,2.5,37.5,Medium,,,55.56,,42.86,,False,False
AEU,Industrials,67.96,39.71,68.62548926093874,58.21,OK,0.45,0.35,0.2,63.26,,2,2,PASS,4.87,sector_median_imputed,2026-05-14,PRY.MI,Prysmian SpA,26.4,32.11,0.729,-49.85,2026-05-12,22.7,0.762,10.1,,2.5,2.5,37.5,Medium,0.0,,66.67,,85.71,,False,False
4AJ0,Health Care,50.11,80.3,50.16680890310326,62.21,OK,0.25,0.4,0.35,49.16,,2,1,WATCHLIST,15.735,sector_median_imputed,2026-05-14,ALK-B.CO,ALK-Abello A/S,21.34,34.8,0.527,-58.84,2026-05-12,20.91,0.062,16.4,,2.5,2.0,32.5,Low,,0.0,44.44,,28.57,,False,False
FNL,Materials,67.2,36.41,87.73019314018836,62.07,OK,0.5,0.3,0.2,57.8,,2,2,PASS,4285.61,sector_median_imputed,2026-05-14,FRES.L,Fresnillo PLC,21.6,42.84,0.434,-78.04,2026-05-12,33.9,0.168,30.7,,2.5,2.0,32.5,Low,,,77.78,,85.71,,False,False
B1V1,Financials,82.87,57.32,65.59678213945314,66.15,OK,0.2,0.35,0.45,48.15,,2,1,WATCHLIST,0.5349999999999999,sector_median_imputed,2026-05-14,BCVN.SW,Banque Cantonale Vaudoise,10.72,17.37,0.444,-30.86,2026-05-12,10.88,,-0.7,,2.5,2.0,32.5,Low,,,77.78,,28.57,,False,False
KB9,Financials,,,34.19134418688667,47.45,OK,0.2,0.35,0.45,27.19,,2,0,WATCHLIST,0.5349999999999999,sector_median_imputed,2026-05-14,KBCA.BR,KBC Ancora,19.13,27.59,0.585,-53.51,2026-05-12,8.82,0.028,,,2.5,2.0,32.5,Low,,,0.0,,14.29,,False,False
JGE,Financials,83.22,44.94,89.02561199868192,72.43,OK,0.2,0.35,0.45,51.65,,2,2,PASS,0.5349999999999999,sector_median_imputed,2026-05-14,BAER.SW,Julius Baer Group Ltd,12.53,29.04,0.328,-59.2,2026-05-12,10.87,,1.8,,2.5,2.0,32.5,Low,,,55.56,,85.71,,False,False
4BE,Financials,49.49,53.59,78.91696169505971,64.17,OK,0.2,0.35,0.45,61.03,,2,2,PASS,0.5349999999999999,sector_median_imputed,2026-05-14,BPE.MI,BPER Banca,24.49,41.59,0.517,-80.41,2026-05-12,13.13,,26.1,,2.5,2.0,32.5,Low,,,55.56,,85.71,,False,False
H11,Industrials,66.69,73.85,63.36772215639246,68.53,OK,0.45,0.35,0.2,53.58,,2,2,PASS,4.87,sector_median_imputed,2026-05-14,HLMA.L,Halma PLC,18.36,24.21,0.634,-43.69,2026-05-12,18.61,0.434,15.2,,2.5,2.5,37.5,Medium,0.0,,66.67,,100.0,,False,False
ARC,Energy,52.24,52.79,55.31455614463821,52.99,OK,0.55,0.25,0.2,64.38,,2,2,PASS,93.825,sector_median_imputed,2026-05-14,AKRBP.OL,Aker BP ASA,29.08,37.81,0.69,-70.91,2026-05-12,4.75,0.846,-4.7,,2.5,2.0,32.5,Low,,,77.78,,85.71,,False,False
LG72,Technology,,,43.57899646034631,52.99,OK,0.25,0.35,0.4,31.88,,2,1,WATCHLIST,7.99,sector_median_imputed,2026-05-14,LAGR-B.ST,Lagercrantz Group AB,29.7,35.12,0.76,-44.71,2026-05-12,29.38,1.22,15.9,,1.5,2.0,17.5,Low,0.0,,11.11,,14.29,20.0,False,False
22Z,Health Care,,71.85,50.608065187908736,63.9,OK,0.25,0.4,0.35,34.78,,2,1,WATCHLIST,15.735,sector_median_imputed,2026-05-14,ZEAL.CO,Zealand Pharma A/S,21.73,51.31,0.365,-75.53,2026-05-12,56.16,0.029,325.0,,2.5,2.0,32.5,Low,,,11.11,,14.29,,False,False
8GC,Materials,51.23,60.59,88.0386245659628,61.4,OK,0.5,0.3,0.2,71.06,,2,2,PASS,4285.61,sector_median_imputed,2026-05-14,GLEN.L,Glencore PLC,18.85,35.62,0.445,-78.2,2026-05-12,0.35,1.253,14.3,,2.5,2.0,32.5,Low,,,66.67,,85.71,,False,False
B9W,Utilities,,,74.47802066392424,66.44,OK,0.5,0.25,0.25,28.68,,2,1,WATCHLIST,629.82,sector_median_imputed,2026-05-14,BKW.SW,BKW AG,17.74,22.19,0.664,-25.35,2026-05-12,6.7,0.32,-10.6,,3.5,4.0,67.5,High,12.71,,33.33,,14.29,20.0,False,False
8BU,Consumer Discretionary,66.67,58.23,60.05637441729765,61.64,OK,0.35,0.4,0.25,55.29,,2,2,PASS,0.0,sector_median_imputed,2026-05-14,BC.MI,Brunello Cucinelli SpA,21.35,32.86,0.559,-46.14,2026-05-12,26.52,2.107,10.0,,2.0,2.0,25.0,Low,,0.0,44.44,,14.29,,False,False
P9O,Financials,99.95,71.9,68.79541564828392,76.11,OK,0.2,0.35,0.45,46.82,,2,1,WATCHLIST,5.8,bloomberg_calc,2026-05-14,PKO.WA,Powszechna Kasa Oszczednosci Bank Polski SA,20.53,32.3,0.543,-58.43,2026-05-12,19.27,,-3.5,,2.5,2.0,32.5,Low,,,55.56,,28.57,,False,False
SFB1,Technology,,41.3,57.75027830691441,55.0,OK,0.25,0.35,0.4,24.6,,2,1,WATCHLIST,7.99,sector_median_imputed,2026-05-14,ACP.WA,Asseco Poland SA,20.07,29.44,0.58,-34.47,2026-05-12,10.31,0.257,12.6,,1.5,2.0,17.5,Low,11.04,,22.22,,28.57,40.0,False,False
PKY1,Energy,88.63,52.34,55.3062385760983,72.89,OK,0.55,0.25,0.2,49.9,,2,1,WATCHLIST,134.38,bloomberg_calc,2026-05-14,PKN.WA,Polski Koncern Naftowy ORLEN SA,16.6,33.01,0.412,-69.19,2026-05-12,1.82,0.263,-3.3,,2.5,2.0,32.5,Low,,,55.56,,42.86,,False,False
7PZ,Financials,99.98,67.38,56.044795613220536,68.8,OK,0.2,0.35,0.45,46.51,,2,1,WATCHLIST,0.5349999999999999,sector_median_imputed,2026-05-14,PZU.WA,Powszechny Zaklad Ubezpieczen SA,15.34,27.03,0.456,-51.34,2026-05-12,20.28,0.625,0.0,,2.5,2.0,32.5,Low,,,55.56,,42.86,,False,False
1T5,Utilities,48.71,37.84,75.0,52.56,OK,0.5,0.25,0.25,45.02,,2,1,WATCHLIST,629.82,sector_median_imputed,2026-05-14,TPE.WA,Tauron Polska Energia SA,19.99,41.58,0.409,-83.12,2026-05-12,17.2,0.631,-2.4,,3.5,4.0,67.5,High,13.49,0.0,44.44,50.0,42.86,60.0,False,False
BRU,Financials,50.03,62.03,59.31145519554313,58.41,OK,0.2,0.35,0.45,44.03,,2,1,WATCHLIST,0.5349999999999999,sector_median_imputed,2026-05-14,MBK.WA,mBank SA,20.28,40.76,0.424,-78.09,2026-05-12,18.55,,4.1,,2.5,2.0,32.5,Low,,,44.44,,42.86,,False,False
KGHA,Materials,66.0,62.47,41.208595909695774,59.98,OK,0.5,0.3,0.2,47.69,,2,1,WATCHLIST,4285.61,sector_median_imputed,2026-05-14,KGH.WA,KGHM Polska Miedz SA,24.01,39.73,0.529,-63.22,2026-05-12,11.53,0.178,14.3,,2.5,2.0,32.5,Low,,,55.56,,85.71,,False,False
G7W,Consumer Discretionary,100.0,58.03,72.02319152638513,76.22,OK,0.35,0.4,0.25,44.13,,2,1,WATCHLIST,0.0,sector_median_imputed,2026-05-14,GAW.L,Games Workshop Group PLC,42.06,34.79,1.123,-53.42,2026-05-12,67.89,0.156,10.9,,2.0,2.0,25.0,Low,,,55.56,,42.86,,False,False
7CD,Communications,100.0,32.32,49.30724898892212,64.49,OK,0.4,0.3,0.3,21.3,,2,1,WATCHLIST,7.99,sector_median_imputed,2026-05-14,CDR.WA,CD Projekt SA,31.92,42.58,0.679,-82.43,2026-05-12,17.18,0.008,,,2.5,2.0,32.5,Low,,0.0,44.44,,28.57,,False,False
C0Q,Consumer Staples,77.5,51.18,60.87432309852183,62.82,OK,0.35,0.4,0.25,77.27,,2,2,PASS,85.39,bloomberg_calc,2026-05-14,CCH.L,Coca-Cola HBC AG,13.81,26.11,0.414,-52.42,2026-05-12,25.96,0.993,7.3,,3.0,3.0,50.0,Medium,,0.0,55.56,,57.14,,False,False
9TG,Energy,100.0,33.29,51.56852455990449,73.64,OK,0.55,0.25,0.2,43.59,,2,1,WATCHLIST,93.825,sector_median_imputed,2026-05-14,GTT.PA,Gaztransport Et Technigaz SA,28.35,31.13,0.814,-62.4,2026-05-12,78.68,0.214,19.6,,2.5,2.0,32.5,Low,0.0,,66.67,,14.29,,False,False
ENXB,Financials,99.88,16.76,55.21436661531529,50.69,OK,0.2,0.35,0.45,51.15,,2,2,PASS,0.5349999999999999,sector_median_imputed,2026-05-14,ENX.PA,Euronext NV,19.11,23.87,0.675,-40.09,2026-05-12,15.11,0.718,9.7,,2.5,2.0,32.5,Low,,0.0,66.67,,42.86,,False,False
2NN,Financials,58.68,61.62,91.9779365129982,74.69,OK,0.2,0.35,0.45,51.95,,2,2,PASS,0.26,bloomberg_calc,2026-05-14,NN.AS,NN Group NV,17.74,25.1,0.587,-46.3,2026-05-12,5.59,0.647,-1.5,,2.5,2.0,32.5,Low,,,66.67,,71.43,,False,False
ZS3,Financials,50.01,62.33,63.625268669535714,60.45,OK,0.2,0.35,0.45,58.04,,2,2,PASS,0.5349999999999999,sector_median_imputed,2026-05-14,FBK.MI,FinecoBank Banca Fineco SpA,18.76,31.29,0.504,-42.83,2026-05-12,24.6,,4.2,,2.5,2.0,32.5,Low,,,77.78,,28.57,,False,False
1AE,Health Care,,,69.26362782894893,62.38,OK,0.25,0.4,0.35,32.31,,2,1,WATCHLIST,15.735,sector_median_imputed,2026-05-14,ARGX.BR,Argenx SE,49.7,43.88,1.064,-39.26,2026-05-12,,0.006,62.6,,2.5,2.0,32.5,Low,,0.0,11.11,,14.29,,False,False
4SP,Industrials,48.63,41.11,61.419785046080925,48.56,OK,0.45,0.35,0.2,45.82,,2,0,WATCHLIST,4.87,sector_median_imputed,2026-05-14,SPIE.PA,SPIE SA,16.92,29.93,0.465,-66.93,2026-05-12,8.37,1.396,2.6,,2.5,2.5,37.5,Medium,0.0,41.7,66.67,,28.57,,False,False
0UB,Financials,63.22,39.17,69.1997250564071,57.49,OK,0.2,0.35,0.45,64.71,,2,2,PASS,0.5349999999999999,sector_median_imputed,2026-05-14,UBSG.SW,UBS Group AG,15.68,28.34,0.447,-61.02,2026-05-12,10.16,,13.8,,2.5,2.0,32.5,Low,,,77.78,,71.43,,False,False
1ZG,Financials,,,,,LOW_DATA,0.2,0.35,0.45,,,0,0,LOW_DATA,0.5349999999999999,sector_median_imputed,2026-05-14,ZEG.L,Zegona Communications plc,49.25,113.54,0.407,-82.63,2026-05-12,,6.198,48.6,,2.5,2.0,32.5,Low,,,,,,,False,False
7PI,Industrials,74.53,51.75,66.16258629821579,64.88,OK,0.45,0.35,0.2,59.46,,2,2,PASS,4.87,sector_median_imputed,2026-05-14,PST.MI,Poste Italiane SpA,21.6,24.83,0.749,-46.62,2026-05-12,19.02,7.236,0.3,,2.5,2.5,37.5,Medium,1.94,,77.78,,57.14,40.0,False,False
2FE,Consumer Discretionary,75.02,51.4,59.4490661448029,61.68,OK,0.35,0.4,0.25,61.88,,2,2,PASS,0.0,bloomberg_calc,2026-05-14,RACE.MI,Ferrari NV,24.03,27.37,0.768,-43.44,2026-05-12,41.97,0.722,3.2,,2.0,2.0,25.0,Low,0.0,,66.67,,42.86,40.0,False,False
7CA,Health Care,,,,,LOW_DATA,0.25,0.4,0.35,,,0,0,LOW_DATA,15.735,sector_median_imputed,2026-05-14,CAMX.ST,Camurus AB,30.15,43.31,0.627,-58.88,2026-05-12,19.55,0.025,-16.0,,2.5,2.0,32.5,Low,,,,,,,False,False
ME1,Financials,66.38,86.06,59.56538394196673,70.2,OK,0.2,0.35,0.45,58.06,,2,2,PASS,0.5349999999999999,sector_median_imputed,2026-05-14,BMED.MI,Banca Mediolanum SpA,20.07,28.2,0.606,-56.17,2026-05-12,27.82,,6.0,,2.5,2.0,32.5,Low,,,77.78,,71.43,,False,False
19V,Industrials,80.36,48.54,49.194732373481294,62.99,OK,0.45,0.35,0.2,41.54,,2,1,WATCHLIST,4.87,sector_median_imputed,2026-05-14,VACN.SW,VAT Group AG,31.58,34.76,0.822,-58.13,2026-05-12,27.7,0.313,4.7,,2.5,2.5,37.5,Medium,0.0,,44.44,,14.29,,False,False
BPM,Financials,50.24,43.78,58.72575013289465,51.8,OK,0.2,0.35,0.45,55.99,,2,2,PASS,0.5349999999999999,sector_median_imputed,2026-05-14,BAMI.MI,Banco BPM SpA,23.56,41.41,0.496,-91.18,2026-05-12,13.72,,3.0,,2.5,2.0,32.5,Low,,,66.67,,42.86,,False,False
2X1,Health Care,,,,,LOW_DATA,0.25,0.4,0.35,,,0,0,LOW_DATA,15.735,sector_median_imputed,2026-05-14,ABVX.PA,Abivax SA,78.13,175.89,0.427,-87.3,2026-05-12,-135.58,0.07,-55.4,,2.5,2.0,32.5,Low,,,,,,,False,False
BIRG,Financials,50.07,81.17,67.58349560507244,68.84,OK,0.2,0.35,0.45,45.95,,2,1,WATCHLIST,0.5349999999999999,sector_median_imputed,2026-05-14,BIRG.IR,Bank of Ireland Group PLC,19.15,42.66,0.378,-88.11,2026-05-12,9.26,,-3.2,,2.5,2.0,32.5,Low,,,77.78,,57.14,,False,False
1RY,Consumer Discretionary,99.95,48.43,53.50771183736301,67.73,OK,0.35,0.4,0.25,44.86,,2,1,WATCHLIST,0.0,sector_median_imputed,2026-05-14,LPP.WA,LPP SA,23.28,42.6,0.476,-59.39,2026-05-12,,1.84,13.9,,2.0,2.0,25.0,Low,,0.0,66.67,,42.86,,False,False
2D7,Financials,50.0,0.0,88.44548362318622,49.8,OK,0.2,0.35,0.45,42.62,,2,0,WATCHLIST,0.5349999999999999,sector_median_imputed,2026-05-14,BEZ.L,Beazley PLC,18.09,32.57,0.463,-53.27,2026-05-12,19.27,0.131,1.1,,2.5,2.0,32.5,Low,,,66.67,,85.71,,False,False
GEB,Financials,100.0,61.04,64.07612201868493,70.2,OK,0.2,0.35,0.45,45.72,,2,1,WATCHLIST,0.5349999999999999,sector_median_imputed,2026-05-14,BGEO.L,Bank of Georgia Group PLC,24.13,39.69,0.532,-80.98,2026-05-12,27.44,,14.2,,2.5,2.0,32.5,Low,,,55.56,,57.14,,False,False
6GF,Financials,75.03,73.15,50.2568116146735,63.22,OK,0.2,0.35,0.45,46.15,,2,1,WATCHLIST,0.5349999999999999,sector_median_imputed,2026-05-14,ING.WA,ING Bank Slaski SA,19.17,30.8,0.525,-53.64,2026-05-12,22.55,,4.6,,2.5,2.0,32.5,Low,,,55.56,,14.29,,False,False
04Q,Financials,100.0,46.28,64.96612562484503,65.43,OK,0.2,0.35,0.45,43.02,,2,1,WATCHLIST,0.5349999999999999,sector_median_imputed,2026-05-14,NDA-FI.HE,Nordea Bank Abp,15.41,24.79,0.501,-55.04,2026-05-12,15.73,,1.4,,2.5,2.0,32.5,Low,,,77.78,,71.43,,False,False
DP9,Industrials,100.0,41.18,61.07466519881105,71.63,OK,0.45,0.35,0.2,46.4,,2,1,WATCHLIST,4.87,sector_median_imputed,2026-05-14,DPLM.L,Diploma PLC,25.29,29.09,0.766,-39.27,2026-05-12,19.64,0.468,9.8,,2.5,2.5,37.5,Medium,0.0,,55.56,,42.86,,False,False
7LB,Consumer Staples,,55.1,47.11807044133967,58.24,OK,0.35,0.4,0.25,33.29,,2,1,WATCHLIST,85.39,sector_median_imputed,2026-05-14,LOTB.BR,Lotus Bakeries NV,21.21,25.25,0.721,-41.71,2026-05-12,20.87,0.363,10.3,,3.0,3.0,50.0,Medium,,0.0,33.33,,14.29,,False,False
M3N,Financials,100.0,25.87,83.38377572667022,66.58,OK,0.2,0.35,0.45,48.79,,2,1,WATCHLIST,0.5349999999999999,sector_median_imputed,2026-05-14,EMG.L,Man Group PLC/Jersey,10.0,29.44,0.238,-55.65,2026-05-12,10.95,0.183,14.3,,2.5,2.0,32.5,Low,,,77.78,,57.14,,False,False
61L0,Health Care,100.0,29.69,64.12261796868806,59.32,OK,0.25,0.4,0.35,29.74,,2,1,WATCHLIST,15.735,sector_median_imputed,2026-05-14,SECT-B.ST,Sectra AB,32.4,37.78,0.778,-54.01,2026-05-12,28.72,0.057,5.6,,2.5,2.0,32.5,Low,0.0,0.0,33.33,,14.29,20.0,False,False
3ZV,Industrials,100.0,38.7,0.0,58.54,OK,0.45,0.35,0.2,18.73,,2,1,WATCHLIST,4.87,sector_median_imputed,2026-05-14,BFT.WA,Benefit Systems SA,29.47,38.35,0.69,-62.05,2026-05-12,32.52,1.372,41.2,,2.5,2.5,37.5,Medium,,,77.78,,14.29,,False,False
D1NC,Financials,86.23,59.0,55.91292626015536,63.06,OK,0.2,0.35,0.45,49.4,,2,1,WATCHLIST,0.5349999999999999,sector_median_imputed,2026-05-14,DNB.OL,DNB Bank ASA,18.21,23.89,0.637,-44.26,2026-05-12,14.32,,-1.7,,2.5,2.0,32.5,Low,,,77.78,,71.43,,False,False
CJ2,Financials,100.0,77.68,53.846331360264,71.42,OK,0.2,0.35,0.45,24.18,,2,1,WATCHLIST,0.5349999999999999,sector_median_imputed,2026-05-14,RILBA.CO,Ringkjoebing Landbobank A/S,20.67,21.51,0.821,-37.09,2026-05-12,20.37,,-2.4,,2.5,2.0,32.5,Low,,,44.44,,14.29,,False,False
EZ4,Financials,,,,,LOW_DATA,0.2,0.35,0.45,,,0,0,LOW_DATA,0.5349999999999999,sector_median_imputed,2026-05-14,SB1NO.OL,SpareBank 1 Sorost-Norge,23.45,25.28,0.809,-54.34,2026-05-12,11.84,,-5.2,,2.5,2.0,32.5,Low,,,,,,,False,False
