ticker,sector,vol_annual,max_drawdown,sharpe_ratio,beta,beta_band_score,m01_score,m02_score,m03_score,m04_score,composite_financial_score,metric_nan_count,m01_vol_flag,m02_mdd_flag,m03_sharpe_flag,m04_beta_flag,g1_data_sufficiency,g2_margins,g3_cashflow,g4_leverage,g5_investability,gate_verdict,financial_verdict,exclusion_reason,annual_volatility_pct,max_drawdown_pct,beta_vs_benchmark,data_vintage,rf_rate_assumption,benchmark_used
MAERSK-B.CO,Industrials,0.4049,-0.4438,0.2036,0.9787,100.0,8.29875518672199,64.73029045643153,20.33195020746888,100.0,47.18,0.0,soft_flag,ok,ok,target_band,PASS,PASS,PASS,PASS,PASS,GATE_PASS,PASSED,,40.49,-44.38,0.9787,2026-05-20,0.025,^STOXX
SEB-A.ST,Financials,,,,,,,,,,,,,,,,PASS,PASS,FAIL,DATA-INCOMPLETE,PASS,GATE_FAIL,EXCLUDED_GATE,G3:negative_cashflow,,,,2026-05-20,0.025,^STOXX
ALV.DE,Financials,0.1968,-0.2752,0.6982,0.942,100.0,92.5311203319502,18.257261410788388,80.08298755186722,100.0,68.01,0.0,ok,ok,ok,target_band,PASS,PASS,DATA-INCOMPLETE,DATA-INCOMPLETE,PASS,REVIEW_REQUIRED,REVIEW_REQUIRED,,19.68,-27.52,0.942,2026-05-20,0.025,^STOXX
RXL.PA,Industrials,0.3295,-0.3281,0.4745,1.5495,0.0,34.64730290456431,30.705394190871374,53.52697095435685,0.0,32.2,0.0,ok,ok,ok,aggressive,PASS,PASS,PASS,PASS,PASS,GATE_PASS,PASSED,,32.95,-32.81,1.5495,2026-05-20,0.025,^STOXX
ISP.MI,Financials,0.2743,-0.427,0.8497,1.346,25.0,60.58091286307054,61.410788381742734,92.11618257261411,25.0,63.17,0.0,ok,ok,ok,elevated_high,PASS,PASS,DATA-INCOMPLETE,DATA-INCOMPLETE,PASS,REVIEW_REQUIRED,REVIEW_REQUIRED,,27.43,-42.7,1.346,2026-05-20,0.025,^STOXX
RWE.DE,Utilities,,,,,,,,,,,,,,,,PASS,FAIL,PASS,PASS,PASS,GATE_FAIL,EXCLUDED_GATE,G2:negative_margins,,,,2026-05-20,0.025,^STOXX
NDA.DE,Materials,0.3736,-0.5443,0.475,1.2748,50.0,15.767634854771785,82.15767634854771,54.149377593360995,50.0,54.05,0.0,soft_flag,soft_flag,ok,elevated,PASS,PASS,PASS,PASS,PASS,GATE_PASS,PASSED,,37.36,-54.43,1.2748,2026-05-20,0.025,^STOXX
CBK.DE,Financials,0.4,-0.3873,0.832,1.3934,25.0,9.543568464730285,47.717842323651446,91.70124481327801,25.0,48.73,0.0,soft_flag,ok,ok,elevated_high,PASS,PASS,DATA-INCOMPLETE,DATA-INCOMPLETE,PASS,REVIEW_REQUIRED,REVIEW_REQUIRED,,40.0,-38.73,1.3934,2026-05-20,0.025,^STOXX
DBK.DE,Financials,0.3564,-0.4636,0.4585,1.5451,0.0,21.99170124481327,69.29460580912863,52.282157676348554,0.0,40.87,0.0,soft_flag,soft_flag,ok,aggressive,PASS,PASS,DATA-INCOMPLETE,DATA-INCOMPLETE,PASS,REVIEW_REQUIRED,REVIEW_REQUIRED,,35.64,-46.36,1.5451,2026-05-20,0.025,^STOXX
GBF.DE,Industrials,0.3418,-0.3288,0.7467,1.1509,50.0,29.460580912863065,31.120331950207472,85.89211618257261,50.0,51.0,0.0,ok,ok,ok,elevated,PASS,PASS,PASS,PASS,PASS,GATE_PASS,PASSED,,34.18,-32.88,1.1509,2026-05-20,0.025,^STOXX
HEI.DE,Materials,0.3051,-0.4585,0.5558,1.2917,50.0,43.56846473029046,67.63485477178423,65.56016597510373,50.0,58.67,0.0,ok,soft_flag,ok,elevated,PASS,PASS,PASS,PASS,PASS,GATE_PASS,PASSED,,30.51,-45.85,1.2917,2026-05-20,0.025,^STOXX
HOT.DE,Industrials,,,,,,,,,,,,,,,,PASS,PASS,PASS,FAIL,PASS,GATE_FAIL,EXCLUDED_GATE,G4:excess_leverage,,,,2026-05-20,0.025,^STOXX
SDF.DE,Materials,0.3846,-0.6808,0.218,0.5565,75.0,12.033195020746888,96.6804979253112,21.16182572614108,75.0,52.76,0.0,soft_flag,soft_flag,ok,defensive,PASS,SOFT_FLAG,PASS,PASS,PASS,GATE_PASS,PASSED,,38.46,-68.08,0.5565,2026-05-20,0.025,^STOXX
SIE.DE,Industrials,0.2997,-0.3897,0.4394,1.5125,0.0,46.88796680497925,48.54771784232366,49.37759336099585,0.0,38.76,0.0,ok,ok,ok,aggressive,PASS,PASS,PASS,PASS,PASS,GATE_PASS,PASSED,,29.97,-38.97,1.5125,2026-05-20,0.025,^STOXX
MUV2.DE,Financials,0.2269,-0.2536,0.6832,0.8473,100.0,81.74273858921163,12.448132780082986,78.42323651452283,100.0,63.61,0.0,ok,ok,ok,target_band,PASS,PASS,DATA-INCOMPLETE,PASS,PASS,REVIEW_REQUIRED,REVIEW_REQUIRED,,22.69,-25.36,0.8473,2026-05-20,0.025,^STOXX
MC.PA,Consumer Discretionary,0.2959,-0.4903,-0.2262,1.3486,25.0,48.54771784232366,74.27385892116183,4.564315352697095,25.0,38.36,0.0,ok,soft_flag,hard_exclude,elevated_high,PASS,PASS,PASS,PASS,PASS,GATE_PASS,EXCLUDED_METRIC,M03:sharpe<0,29.59,-49.03,1.3486,2026-05-20,0.025,^STOXX
UCG.MI,Financials,0.3581,-0.4639,1.1467,1.5164,0.0,21.576763485477173,69.70954356846474,99.5850622406639,0.0,55.1,0.0,soft_flag,soft_flag,ok,aggressive,PASS,PASS,DATA-INCOMPLETE,DATA-INCOMPLETE,PASS,REVIEW_REQUIRED,REVIEW_REQUIRED,,35.81,-46.39,1.5164,2026-05-20,0.025,^STOXX
VER.VI,Utilities,0.3217,-0.4233,-0.0601,0.5417,75.0,38.58921161825726,60.995850622406635,10.78838174273859,75.0,44.25,0.0,ok,ok,hard_exclude,defensive,PASS,PASS,PASS,PASS,PASS,GATE_PASS,EXCLUDED_METRIC,M03:sharpe<0,32.17,-42.33,0.5417,2026-05-20,0.025,^STOXX
OR.PA,Consumer Staples,0.2439,-0.2992,-0.0463,1.0063,100.0,73.44398340248962,22.40663900414937,11.618257261410788,100.0,44.9,0.0,ok,ok,hard_exclude,target_band,PASS,PASS,PASS,PASS,PASS,GATE_PASS,EXCLUDED_METRIC,M03:sharpe<0,24.39,-29.92,1.0063,2026-05-20,0.025,^STOXX
OMV.VI,Energy,0.2848,-0.3546,0.4449,0.8517,100.0,55.18672199170124,38.58921161825726,50.20746887966805,100.0,57.68,0.0,ok,ok,ok,target_band,PASS,PASS,PASS,PASS,PASS,GATE_PASS,PASSED,,28.48,-35.46,0.8517,2026-05-20,0.025,^STOXX
SRT3.DE,Health Care,0.4528,-0.7068,-0.3191,1.357,25.0,3.734439834024897,97.0954356846473,2.0746887966804977,25.0,35.5,0.0,soft_flag,hard_exclude,hard_exclude,elevated_high,PASS,PASS,PASS,PASS,PASS,GATE_PASS,EXCLUDED_METRIC,M02:mdd<-70%; M03:sharpe<0,45.28,-70.68,1.357,2026-05-20,0.025,^STOXX
IBE.MC,Utilities,0.1864,-0.2339,0.6481,0.5681,75.0,95.4356846473029,7.676348547717836,75.10373443983403,75.0,58.92,0.0,ok,ok,ok,defensive,PASS,PASS,DATA-INCOMPLETE,PASS,PASS,REVIEW_REQUIRED,REVIEW_REQUIRED,,18.64,-23.39,0.5681,2026-05-20,0.025,^STOXX
REP.MC,Energy,0.2729,-0.362,0.6768,0.5292,75.0,61.410788381742734,40.66390041493776,77.59336099585063,75.0,62.76,0.0,ok,ok,ok,defensive,PASS,PASS,PASS,PASS,PASS,GATE_PASS,PASSED,,27.29,-36.2,0.5292,2026-05-20,0.025,^STOXX
SSE.L,Utilities,0.2375,-0.2729,0.2433,0.5447,75.0,76.97095435684648,17.84232365145229,22.821576763485478,75.0,42.59,0.0,ok,ok,ok,defensive,PASS,PASS,PASS,PASS,PASS,GATE_PASS,PASSED,,23.75,-27.29,0.5447,2026-05-20,0.025,^STOXX
AIXA.DE,Technology,,,,,,,,,,,,,,,,PASS,FAIL,PASS,PASS,PASS,GATE_FAIL,EXCLUDED_GATE,G2:negative_margins,,,,2026-05-20,0.025,^STOXX
BKT.MC,Financials,0.2878,-0.3089,0.854,0.9554,100.0,53.11203319502075,25.31120331950207,92.5311203319502,100.0,65.98,0.0,ok,ok,ok,target_band,PASS,PASS,DATA-INCOMPLETE,DATA-INCOMPLETE,PASS,REVIEW_REQUIRED,REVIEW_REQUIRED,,28.78,-30.89,0.9554,2026-05-20,0.025,^STOXX
INGA.AS,Financials,0.2794,-0.3909,0.7731,1.2853,50.0,58.09128630705394,49.37759336099585,86.72199170124482,50.0,62.45,0.0,ok,ok,ok,elevated,PASS,PASS,DATA-INCOMPLETE,DATA-INCOMPLETE,PASS,REVIEW_REQUIRED,REVIEW_REQUIRED,,27.94,-39.09,1.2853,2026-05-20,0.025,^STOXX
CS.PA,Financials,0.213,-0.2439,0.697,0.9932,100.0,86.30705394190872,9.543568464730285,79.25311203319502,100.0,63.9,0.0,ok,ok,ok,target_band,PASS,PASS,PASS,PASS,PASS,GATE_PASS,PASSED,,21.3,-24.39,0.9932,2026-05-20,0.025,^STOXX
RIO.L,Materials,0.2706,-0.3533,0.0802,0.8427,100.0,63.27800829875518,38.17427385892116,14.937759336099585,100.0,48.59,0.0,ok,ok,soft_flag,target_band,PASS,PASS,PASS,PASS,PASS,GATE_PASS,PASSED,,27.06,-35.33,0.8427,2026-05-20,0.025,^STOXX
VOLV-B.ST,Industrials,0.2516,-0.2845,0.4874,1.1813,50.0,69.29460580912863,19.502074688796682,55.601659751037346,50.0,46.39,0.0,ok,ok,ok,elevated,PASS,PASS,PASS,PASS,PASS,GATE_PASS,PASSED,,25.16,-28.45,1.1813,2026-05-20,0.025,^STOXX
SCYR.MC,Industrials,,,,,,,,,,,,,,,,PASS,PASS,DATA-INCOMPLETE,FAIL,PASS,GATE_FAIL,EXCLUDED_GATE,G4:excess_leverage,,,,2026-05-20,0.025,^STOXX
KPN.AS,Communications,0.1509,-0.209,0.7887,0.1834,,99.1701244813278,3.734439834024897,88.38174273858921,,62.47,1.0,ok,ok,ok,soft_flag_review,PASS,PASS,PASS,PASS,PASS,GATE_PASS,PASSED,,15.09,-20.9,0.1834,2026-05-20,0.025,^STOXX
TSCO.L,Consumer Staples,0.2027,-0.3434,0.5714,0.3741,,90.45643153526972,35.684647302904565,67.63485477178423,,64.09,1.0,ok,ok,ok,soft_flag_review,PASS,PASS,PASS,PASS,PASS,GATE_PASS,PASSED,,20.27,-34.34,0.3741,2026-05-20,0.025,^STOXX
LSEG.L,Financials,0.2375,-0.4071,0.082,0.4977,75.0,76.97095435684648,55.601659751037346,15.352697095435685,75.0,51.68,0.0,ok,ok,soft_flag,defensive,PASS,PASS,PASS,PASS,PASS,GATE_PASS,PASSED,,23.75,-40.71,0.4977,2026-05-20,0.025,^STOXX
GLE.PA,Financials,0.3452,-0.4581,0.6027,1.494,0.0,27.385892116182575,67.21991701244814,70.95435684647303,0.0,46.93,0.0,ok,soft_flag,ok,aggressive,PASS,PASS,DATA-INCOMPLETE,DATA-INCOMPLETE,PASS,REVIEW_REQUIRED,REVIEW_REQUIRED,,34.52,-45.81,1.494,2026-05-20,0.025,^STOXX
BNP.PA,Financials,0.2853,-0.3411,0.475,1.3311,25.0,54.356846473029044,34.85477178423237,54.149377593360995,25.0,42.57,0.0,ok,ok,ok,elevated_high,PASS,PASS,DATA-INCOMPLETE,DATA-INCOMPLETE,PASS,REVIEW_REQUIRED,REVIEW_REQUIRED,,28.53,-34.11,1.3311,2026-05-20,0.025,^STOXX
AGN.AS,Financials,0.2817,-0.3028,0.5299,1.2056,50.0,56.63900414937759,23.651452282157678,61.82572614107884,50.0,46.97,0.0,ok,ok,ok,elevated,PASS,PASS,PASS,PASS,PASS,GATE_PASS,PASSED,,28.17,-30.28,1.2056,2026-05-20,0.025,^STOXX
G.MI,Financials,0.1934,-0.3077,1.0066,0.8575,100.0,93.3609958506224,24.896265560165972,97.5103734439834,100.0,75.39,0.0,ok,ok,ok,target_band,PASS,PASS,PASS,PASS,PASS,GATE_PASS,PASSED,,19.34,-30.77,0.8575,2026-05-20,0.025,^STOXX
ORA.PA,Communications,0.1614,-0.2003,0.9683,0.1405,,97.9253112033195,2.489626556016603,96.2655601659751,,64.21,1.0,ok,ok,ok,soft_flag_review,PASS,PASS,PASS,PASS,PASS,GATE_PASS,PASSED,,16.14,-20.03,0.1405,2026-05-20,0.025,^STOXX
SU.PA,Industrials,0.2903,-0.3598,0.4543,1.4551,0.0,51.03734439834025,39.41908713692946,51.45228215767634,0.0,37.47,0.0,ok,ok,ok,aggressive,PASS,PASS,PASS,PASS,PASS,GATE_PASS,PASSED,,29.03,-35.98,1.4551,2026-05-20,0.025,^STOXX
AI.PA,Materials,0.1881,-0.2317,0.4118,0.8472,100.0,95.02074688796681,7.053941908713696,45.643153526970956,100.0,54.81,0.0,ok,ok,ok,target_band,PASS,PASS,PASS,PASS,PASS,GATE_PASS,PASSED,,18.81,-23.17,0.8472,2026-05-20,0.025,^STOXX
AD.AS,Consumer Staples,0.1899,-0.2069,0.5277,0.354,,94.19087136929461,2.904564315352701,61.41078838174274,,53.13,1.0,ok,ok,ok,soft_flag_review,PASS,PASS,PASS,PASS,PASS,GATE_PASS,PASSED,,18.99,-20.69,0.354,2026-05-20,0.025,^STOXX
RTO.L,Industrials,0.322,-0.5274,-0.0876,0.8484,100.0,38.17427385892116,78.21576763485477,8.71369294605809,100.0,53.71,0.0,ok,soft_flag,hard_exclude,target_band,PASS,PASS,PASS,PASS,PASS,GATE_PASS,EXCLUDED_METRIC,M03:sharpe<0,32.2,-52.74,0.8484,2026-05-20,0.025,^STOXX
SHB-A.ST,Financials,,,,,,,,,,,,,,,,PASS,PASS,FAIL,DATA-INCOMPLETE,PASS,GATE_FAIL,EXCLUDED_GATE,G3:negative_cashflow,,,,2026-05-20,0.025,^STOXX
BCP.LS,Financials,0.3644,-0.3842,0.929,1.2517,50.0,18.257261410788388,47.30290456431535,94.6058091286307,50.0,56.22,0.0,soft_flag,ok,ok,elevated,PASS,PASS,DATA-INCOMPLETE,DATA-INCOMPLETE,PASS,REVIEW_REQUIRED,REVIEW_REQUIRED,,36.44,-38.42,1.2517,2026-05-20,0.025,^STOXX
NOKIA.HE,Technology,0.3282,-0.4767,0.6451,1.0525,100.0,35.26970954356847,72.19917012448133,74.68879668049793,100.0,71.12,0.0,ok,soft_flag,ok,target_band,PASS,PASS,PASS,PASS,PASS,GATE_PASS,PASSED,,32.82,-47.67,1.0525,2026-05-20,0.025,^STOXX
BESI.AS,Technology,0.4736,-0.5452,0.6095,1.658,0.0,2.489626556016603,82.57261410788382,72.19917012448133,0.0,46.93,0.0,soft_flag,soft_flag,ok,aggressive,PASS,PASS,PASS,PASS,PASS,GATE_PASS,PASSED,,47.36,-54.52,1.658,2026-05-20,0.025,^STOXX
TIT.MI,Communications,0.4047,-0.6555,0.1942,1.0668,100.0,8.713692946058089,95.850622406639,19.502074688796682,100.0,56.35,0.0,soft_flag,soft_flag,soft_flag,target_band,PASS,PASS,PASS,PASS,PASS,GATE_PASS,PASSED,,40.47,-65.55,1.0668,2026-05-20,0.025,^STOXX
UU.L,Utilities,0.2244,-0.2958,0.1591,0.4346,75.0,83.40248962655602,21.576763485477173,17.842323651452283,75.0,43.51,0.0,ok,ok,soft_flag,defensive,PASS,PASS,PASS,SOFT_FLAG,PASS,GATE_PASS,PASSED,,22.44,-29.58,0.4346,2026-05-20,0.025,^STOXX
ASML.AS,Technology,0.3835,-0.4793,0.4204,1.7248,0.0,13.485477178423238,72.61410788381743,46.47302904564315,0.0,38.42,0.0,soft_flag,soft_flag,ok,aggressive,PASS,PASS,PASS,PASS,PASS,GATE_PASS,PASSED,,38.35,-47.93,1.7248,2026-05-20,0.025,^STOXX
SCMN.SW,Communications,0.1468,-0.2375,0.5026,0.1867,,99.5850622406639,8.29875518672199,57.676348547717836,,54.71,1.0,ok,ok,ok,soft_flag_review,PASS,PASS,PASS,PASS,PASS,GATE_PASS,PASSED,,14.68,-23.75,0.1867,2026-05-20,0.025,^STOXX
DTE.DE,Communications,0.2001,-0.2446,0.5739,0.5944,75.0,90.87136929460581,9.958506224066383,68.04979253112033,75.0,56.58,0.0,ok,ok,ok,defensive,PASS,PASS,PASS,PASS,PASS,GATE_PASS,PASSED,,20.01,-24.46,0.5944,2026-05-20,0.025,^STOXX
BEAN.SW,Industrials,0.3311,-0.4404,0.416,1.3179,25.0,34.02489626556017,63.90041493775934,46.058091286307054,25.0,44.79,0.0,ok,ok,ok,elevated_high,PASS,PASS,PASS,PASS,PASS,GATE_PASS,PASSED,,33.11,-44.04,1.3179,2026-05-20,0.025,^STOXX
DANSKE.CO,Financials,,,,,,,,,,,,,,,,PASS,PASS,FAIL,DATA-INCOMPLETE,PASS,GATE_FAIL,EXCLUDED_GATE,G3:negative_cashflow,,,,2026-05-20,0.025,^STOXX
TTE.PA,Energy,0.2437,-0.2672,0.7291,0.6892,100.0,73.85892116182572,15.352697095435687,83.40248962655602,100.0,64.4,0.0,ok,ok,ok,target_band,PASS,PASS,PASS,PASS,PASS,GATE_PASS,PASSED,,24.37,-26.72,0.6892,2026-05-20,0.025,^STOXX
CNA.L,Utilities,,,,,,,,,,,,,,,,PASS,FAIL,PASS,PASS,PASS,GATE_FAIL,EXCLUDED_GATE,G2:negative_margins,,,,2026-05-20,0.025,^STOXX
NHY.OL,Materials,0.3537,-0.3757,0.5303,0.9799,100.0,24.066390041493776,44.398340248962654,62.24066390041494,100.0,56.8,0.0,soft_flag,ok,ok,target_band,PASS,PASS,PASS,PASS,PASS,GATE_PASS,PASSED,,35.37,-37.57,0.9799,2026-05-20,0.025,^STOXX
ELE.MC,Utilities,0.2135,-0.3094,0.6009,0.5761,75.0,85.89211618257261,25.726141078838168,70.53941908713693,75.0,61.06,0.0,ok,ok,ok,defensive,PASS,PASS,PASS,PASS,PASS,GATE_PASS,PASSED,,21.35,-30.94,0.5761,2026-05-20,0.025,^STOXX
LOGN.SW,Technology,0.3436,-0.6425,-0.1405,1.1611,50.0,28.63070539419087,95.02074688796681,7.468879668049793,50.0,46.47,0.0,ok,soft_flag,hard_exclude,elevated,PASS,PASS,PASS,DATA-INCOMPLETE,PASS,REVIEW_REQUIRED,EXCLUDED_METRIC,M03:sharpe<0,34.36,-64.25,1.1611,2026-05-20,0.025,^STOXX
IAG.L,Industrials,0.3911,-0.5527,0.2931,1.4288,0.0,11.61825726141079,83.40248962655602,27.385892116182575,0.0,35.56,0.0,soft_flag,soft_flag,ok,aggressive,PASS,PASS,DATA-INCOMPLETE,PASS,PASS,REVIEW_REQUIRED,REVIEW_REQUIRED,,39.11,-55.27,1.4288,2026-05-20,0.025,^STOXX
SUN.SW,Industrials,0.3464,-0.5889,0.2365,1.3132,25.0,26.970954356846477,88.38174273858921,21.991701244813278,25.0,43.51,0.0,ok,soft_flag,ok,elevated_high,PASS,PASS,PASS,PASS,PASS,GATE_PASS,PASSED,,34.64,-58.89,1.3132,2026-05-20,0.025,^STOXX
NXT.L,Consumer Discretionary,0.2634,-0.4796,0.2519,0.9354,100.0,65.14522821576764,73.02904564315352,23.651452282157674,100.0,62.03,0.0,ok,soft_flag,ok,target_band,PASS,PASS,PASS,PASS,PASS,GATE_PASS,PASSED,,26.34,-47.96,0.9354,2026-05-20,0.025,^STOXX
INVE-B.ST,Financials,0.207,-0.3057,0.6212,1.1341,50.0,88.79668049792531,24.066390041493776,73.44398340248964,50.0,57.01,0.0,ok,ok,ok,elevated,PASS,PASS,PASS,PASS,PASS,GATE_PASS,PASSED,,20.7,-30.57,1.1341,2026-05-20,0.025,^STOXX
STMMI.MI,Technology,0.3942,-0.6636,0.2718,1.541,0.0,10.78838174273858,96.2655601659751,25.311203319502074,0.0,38.63,0.0,soft_flag,soft_flag,ok,aggressive,PASS,PASS,PASS,PASS,PASS,GATE_PASS,PASSED,,39.42,-66.36,1.541,2026-05-20,0.025,^STOXX
TEL2-B.ST,Communications,0.2672,-0.4037,0.6079,0.432,75.0,64.73029045643153,54.77178423236514,71.78423236514523,75.0,65.91,0.0,ok,ok,ok,defensive,PASS,PASS,PASS,PASS,PASS,GATE_PASS,PASSED,,26.72,-40.37,0.432,2026-05-20,0.025,^STOXX
MKS.L,Consumer Staples,0.3337,-0.6372,0.4029,0.9177,100.0,33.19502074688798,94.19087136929461,43.15352697095436,100.0,67.84,0.0,ok,soft_flag,ok,target_band,PASS,PASS,PASS,PASS,PASS,GATE_PASS,PASSED,,33.37,-63.72,0.9177,2026-05-20,0.025,^STOXX
NWG.L,Financials,0.2998,-0.4312,0.5549,1.234,50.0,46.47302904564315,61.82572614107884,65.14522821576763,50.0,57.39,0.0,ok,ok,ok,elevated,PASS,PASS,DATA-INCOMPLETE,DATA-INCOMPLETE,PASS,REVIEW_REQUIRED,REVIEW_REQUIRED,,29.98,-43.12,1.234,2026-05-20,0.025,^STOXX
SQN.SW,Financials,0.3635,-0.5338,0.5799,1.53,0.0,19.087136929460584,80.08298755186722,68.87966804979253,0.0,48.51,0.0,soft_flag,soft_flag,ok,aggressive,PASS,PASS,PASS,PASS,PASS,GATE_PASS,PASSED,,36.35,-53.38,1.53,2026-05-20,0.025,^STOXX
EBS.VI,Financials,,,,,,,,,,,,,,,,PASS,PASS,FAIL,DATA-INCOMPLETE,PASS,GATE_FAIL,EXCLUDED_GATE,G3:negative_cashflow,,,,2026-05-20,0.025,^STOXX
CDI.PA,Consumer Discretionary,0.293,-0.4927,-0.2613,1.3527,25.0,49.37759336099585,74.68879668049793,3.319502074688797,25.0,38.28,0.0,ok,soft_flag,hard_exclude,elevated_high,PASS,PASS,PASS,PASS,PASS,GATE_PASS,EXCLUDED_METRIC,M03:sharpe<0,29.3,-49.27,1.3527,2026-05-20,0.025,^STOXX
STAN.L,Financials,0.3253,-0.3073,0.7411,1.2328,50.0,36.09958506224067,24.481327800829874,84.64730290456431,50.0,49.96,0.0,ok,ok,ok,elevated,PASS,PASS,DATA-INCOMPLETE,DATA-INCOMPLETE,PASS,REVIEW_REQUIRED,REVIEW_REQUIRED,,32.53,-30.73,1.2328,2026-05-20,0.025,^STOXX
KBC.BR,Financials,,,,,,,,,,,,,,,,PASS,PASS,FAIL,DATA-INCOMPLETE,PASS,GATE_FAIL,EXCLUDED_GATE,G3:negative_cashflow,,,,2026-05-20,0.025,^STOXX
UCB.BR,Health Care,0.2876,-0.4166,0.7085,0.6455,100.0,53.52697095435685,58.09128630705394,81.32780082987551,100.0,72.53,0.0,ok,ok,ok,target_band,PASS,PASS,PASS,PASS,PASS,GATE_PASS,PASSED,,28.76,-41.66,0.6455,2026-05-20,0.025,^STOXX
SIKA.SW,Materials,0.2821,-0.6525,-0.5329,1.3403,25.0,55.601659751037346,95.4356846473029,0.4149377593360996,25.0,44.88,0.0,ok,soft_flag,hard_exclude,elevated_high,PASS,PASS,PASS,PASS,PASS,GATE_PASS,EXCLUDED_METRIC,M03:sharpe<0,28.21,-65.25,1.3403,2026-05-20,0.025,^STOXX
ASM.AS,Technology,0.4346,-0.5388,0.5352,1.6521,0.0,5.394190871369304,80.91286307053942,62.655601659751035,0.0,44.15,0.0,soft_flag,soft_flag,ok,aggressive,PASS,PASS,PASS,PASS,PASS,GATE_PASS,PASSED,,43.46,-53.88,1.6521,2026-05-20,0.025,^STOXX
ARCAD.AS,Industrials,0.2885,-0.6002,-0.0396,1.0689,100.0,51.86721991701245,90.87136929460581,12.448132780082988,100.0,61.37,0.0,ok,soft_flag,hard_exclude,target_band,PASS,PASS,PASS,PASS,PASS,GATE_PASS,EXCLUDED_METRIC,M03:sharpe<0,28.85,-60.02,1.0689,2026-05-20,0.025,^STOXX
SRP.L,Technology,0.2277,-0.2917,0.5083,0.6786,100.0,80.91286307053942,21.161825726141075,58.09128630705395,100.0,59.96,0.0,ok,ok,ok,target_band,PASS,PASS,PASS,PASS,PASS,GATE_PASS,PASSED,,22.77,-29.17,0.6786,2026-05-20,0.025,^STOXX
SAND.ST,Industrials,0.2752,-0.3924,0.4083,1.3601,25.0,60.16597510373444,50.20746887966805,43.983402489626556,25.0,45.29,0.0,ok,ok,ok,elevated_high,PASS,PASS,PASS,PASS,PASS,GATE_PASS,PASSED,,27.52,-39.24,1.3601,2026-05-20,0.025,^STOXX
MAP.MC,Financials,0.2111,-0.2002,0.9133,0.785,100.0,87.34439834024896,2.0746887966805048,94.1908713692946,100.0,66.35,0.0,ok,ok,ok,target_band,PASS,PASS,DATA-INCOMPLETE,PASS,PASS,REVIEW_REQUIRED,REVIEW_REQUIRED,,21.11,-20.02,0.785,2026-05-20,0.025,^STOXX
EN.PA,Industrials,0.1982,-0.2421,0.5548,0.7144,100.0,91.28630705394191,8.713692946058089,64.73029045643153,100.0,60.29,0.0,ok,ok,ok,target_band,PASS,PASS,PASS,PASS,PASS,GATE_PASS,PASSED,,19.82,-24.21,0.7144,2026-05-20,0.025,^STOXX
JYSK.CO,Financials,,,,,,,,,,,,,,,,PASS,PASS,FAIL,DATA-INCOMPLETE,PASS,GATE_FAIL,EXCLUDED_GATE,G3:negative_cashflow,,,,2026-05-20,0.025,^STOXX
IMI.L,Industrials,0.2571,-0.4172,0.2961,1.2753,50.0,67.63485477178423,59.33609958506224,27.800829875518673,50.0,49.67,0.0,ok,ok,ok,elevated,PASS,PASS,PASS,PASS,PASS,GATE_PASS,PASSED,,25.71,-41.72,1.2753,2026-05-20,0.025,^STOXX
NEM.DE,Technology,0.3823,-0.6163,0.0124,1.2151,50.0,14.107883817427393,92.5311203319502,13.278008298755188,50.0,44.56,0.0,soft_flag,soft_flag,soft_flag,elevated,PASS,PASS,PASS,PASS,PASS,GATE_PASS,PASSED,,38.23,-61.63,1.2151,2026-05-20,0.025,^STOXX
ABBN.SW,Industrials,0.2481,-0.283,0.8279,1.2496,50.0,71.36929460580913,19.087136929460584,90.87136929460581,50.0,57.26,0.0,ok,ok,ok,elevated,PASS,PASS,PASS,PASS,PASS,GATE_PASS,PASSED,,24.81,-28.3,1.2496,2026-05-20,0.025,^STOXX
HSBA.L,Financials,0.2501,-0.2431,0.7799,0.9666,100.0,70.12448132780082,9.128630705394187,87.55186721991701,100.0,63.03,0.0,ok,ok,ok,target_band,PASS,PASS,DATA-INCOMPLETE,DATA-INCOMPLETE,PASS,REVIEW_REQUIRED,REVIEW_REQUIRED,,25.01,-24.31,0.9666,2026-05-20,0.025,^STOXX
DB1.DE,Financials,0.198,-0.2961,0.5878,0.4853,75.0,91.70124481327801,21.99170124481327,69.70954356846472,75.0,60.85,0.0,ok,ok,ok,defensive,PASS,PASS,DATA-INCOMPLETE,PASS,PASS,REVIEW_REQUIRED,REVIEW_REQUIRED,,19.8,-29.61,0.4853,2026-05-20,0.025,^STOXX
INVP.L,Financials,,,,,,,,,,,,,,,,PASS,PASS,FAIL,DATA-INCOMPLETE,PASS,GATE_FAIL,EXCLUDED_GATE,G3:negative_cashflow,,,,2026-05-20,0.025,^STOXX
SUBC.OL,Energy,0.3375,-0.3499,0.8615,0.6987,100.0,31.742738589211612,37.344398340248965,93.3609958506224,100.0,65.56,0.0,ok,ok,ok,target_band,PASS,PASS,PASS,PASS,PASS,GATE_PASS,PASSED,,33.75,-34.99,0.6987,2026-05-20,0.025,^STOXX
FGR.PA,Industrials,0.2248,-0.2078,0.3438,0.9698,100.0,82.98755186721992,3.319502074688799,33.60995850622407,100.0,47.68,0.0,ok,ok,ok,target_band,PASS,PASS,PASS,PASS,PASS,GATE_PASS,PASSED,,22.48,-20.78,0.9698,2026-05-20,0.025,^STOXX
MYCR.ST,Technology,0.3664,-0.5556,0.4349,1.1864,50.0,17.84232365145229,84.23236514522821,48.96265560165975,50.0,53.53,0.0,soft_flag,soft_flag,ok,elevated,PASS,PASS,PASS,PASS,PASS,GATE_PASS,PASSED,,36.64,-55.56,1.1864,2026-05-20,0.025,^STOXX
NDX1.DE,Energy,0.4678,-0.5968,0.3464,1.0821,100.0,2.904564315352701,89.6265560165975,34.85477178423236,100.0,57.93,0.0,soft_flag,soft_flag,ok,target_band,PASS,PASS,PASS,PASS,PASS,GATE_PASS,PASSED,,46.78,-59.68,1.0821,2026-05-20,0.025,^STOXX
AAL.L,Materials,0.4016,-0.5991,0.0345,1.4011,0.0,9.128630705394187,90.24896265560166,13.692946058091287,0.0,33.01,0.0,soft_flag,soft_flag,soft_flag,aggressive,PASS,SOFT_FLAG,PASS,PASS,PASS,GATE_PASS,PASSED,,40.16,-59.91,1.4011,2026-05-20,0.025,^STOXX
BZU.MI,Materials,0.3044,-0.3882,0.3806,1.2196,50.0,44.81327800829875,48.132780082987544,38.589211618257266,50.0,44.98,0.0,ok,ok,ok,elevated,PASS,PASS,PASS,PASS,PASS,GATE_PASS,PASSED,,30.44,-38.82,1.2196,2026-05-20,0.025,^STOXX
LONN.SW,Health Care,,,,,,,,,,,,,,,,PASS,FAIL,PASS,PASS,PASS,GATE_FAIL,EXCLUDED_GATE,G2:negative_margins,,,,2026-05-20,0.025,^STOXX
ENEL.MI,Utilities,0.2111,-0.4705,0.3337,0.893,100.0,87.34439834024896,71.36929460580913,30.70539419087137,100.0,68.09,0.0,ok,soft_flag,ok,target_band,PASS,PASS,PASS,PASS,PASS,GATE_PASS,PASSED,,21.11,-47.05,0.893,2026-05-20,0.025,^STOXX
DSV.CO,Industrials,0.3049,-0.4805,-0.0457,1.1667,50.0,43.983402489626556,73.44398340248962,12.033195020746888,50.0,44.44,0.0,ok,soft_flag,hard_exclude,elevated,PASS,PASS,PASS,PASS,PASS,GATE_PASS,EXCLUDED_METRIC,M03:sharpe<0,30.49,-48.05,1.1667,2026-05-20,0.025,^STOXX
BBY.L,Industrials,0.2331,-0.3241,0.7027,0.8287,100.0,78.83817427385893,29.460580912863065,80.70539419087137,100.0,68.82,0.0,ok,ok,ok,target_band,PASS,PASS,PASS,PASS,PASS,GATE_PASS,PASSED,,23.31,-32.41,0.8287,2026-05-20,0.025,^STOXX
RS1.L,Industrials,0.3012,-0.6115,-0.3526,1.2754,50.0,45.643153526970956,92.11618257261411,1.6597510373443984,50.0,47.26,0.0,ok,soft_flag,hard_exclude,elevated,PASS,PASS,PASS,PASS,PASS,GATE_PASS,EXCLUDED_METRIC,M03:sharpe<0,30.12,-61.15,1.2754,2026-05-20,0.025,^STOXX
ALFA.ST,Industrials,0.2631,-0.3826,0.4315,1.1025,50.0,65.56016597510373,46.47302904564315,48.54771784232365,50.0,51.62,0.0,ok,ok,ok,elevated,PASS,PASS,PASS,PASS,PASS,GATE_PASS,PASSED,,26.31,-38.26,1.1025,2026-05-20,0.025,^STOXX
PUB.PA,Communications,0.2584,-0.3443,0.3769,1.0547,100.0,67.21991701244814,36.51452282157677,38.17427385892116,100.0,55.85,0.0,ok,ok,ok,target_band,PASS,PASS,PASS,PASS,PASS,GATE_PASS,PASSED,,25.84,-34.43,1.0547,2026-05-20,0.025,^STOXX
UNI.MI,Financials,0.2689,-0.2719,1.2739,1.1022,50.0,64.31535269709543,17.42738589211619,100.0,50.0,58.09,0.0,ok,ok,ok,elevated,PASS,PASS,DATA-INCOMPLETE,PASS,PASS,REVIEW_REQUIRED,REVIEW_REQUIRED,,26.89,-27.19,1.1022,2026-05-20,0.025,^STOXX
IP.MI,Industrials,0.3383,-0.6088,-0.2163,1.5423,0.0,30.705394190871374,91.70124481327801,4.979253112033195,0.0,35.15,0.0,ok,soft_flag,hard_exclude,aggressive,PASS,PASS,PASS,PASS,PASS,GATE_PASS,EXCLUDED_METRIC,M03:sharpe<0,33.83,-60.88,1.5423,2026-05-20,0.025,^STOXX
ANA.MC,Industrials,0.29,-0.5083,0.4255,0.9265,100.0,51.45228215767635,76.76348547717842,47.30290456431535,100.0,67.51,0.0,ok,soft_flag,ok,target_band,PASS,PASS,PASS,PASS,PASS,GATE_PASS,PASSED,,29.0,-50.83,0.9265,2026-05-20,0.025,^STOXX
MTO.L,Industrials,0.3089,-0.3991,0.5444,0.9165,100.0,41.90871369294605,52.69709543568465,63.48547717842323,100.0,63.24,0.0,ok,ok,ok,target_band,PASS,PASS,PASS,PASS,PASS,GATE_PASS,PASSED,,30.89,-39.91,0.9165,2026-05-20,0.025,^STOXX
SBMO.AS,Energy,0.2615,-0.2196,0.7815,0.689,100.0,65.97510373443984,5.809128630705402,87.96680497925311,100.0,61.33,0.0,ok,ok,ok,target_band,PASS,PASS,PASS,PASS,PASS,GATE_PASS,PASSED,,26.15,-21.96,0.689,2026-05-20,0.025,^STOXX
SMIN.L,Industrials,0.2249,-0.2287,0.3171,0.942,100.0,82.57261410788382,6.639004149377598,30.29045643153527,100.0,47.59,0.0,ok,ok,ok,target_band,PASS,PASS,PASS,PASS,PASS,GATE_PASS,PASSED,,22.49,-22.87,0.942,2026-05-20,0.025,^STOXX
EQNR.OL,Energy,0.3235,-0.3174,0.57,0.0618,,36.92946058091287,27.800829875518673,67.21991701244814,,50.89,1.0,ok,ok,ok,soft_flag_review,PASS,PASS,PASS,PASS,PASS,GATE_PASS,PASSED,,32.35,-31.74,0.0618,2026-05-20,0.025,^STOXX
ATCO-A.ST,Industrials,0.2906,-0.421,0.1836,1.343,25.0,50.20746887966805,60.16597510373444,19.08713692946058,25.0,38.82,0.0,ok,ok,soft_flag,elevated_high,PASS,PASS,PASS,PASS,PASS,GATE_PASS,PASSED,,29.06,-42.1,1.343,2026-05-20,0.025,^STOXX
SAGA-B.ST,Real Estate,0.3554,-0.559,-0.2081,1.3487,25.0,22.614107883817425,84.64730290456431,5.809128630705394,25.0,36.66,0.0,soft_flag,soft_flag,hard_exclude,elevated_high,PASS,PASS,PASS,PASS,PASS,GATE_PASS,EXCLUDED_METRIC,M03:sharpe<0,35.54,-55.9,1.3487,2026-05-20,0.025,^STOXX
IFX.DE,Technology,0.3835,-0.5112,0.3355,1.6921,0.0,13.485477178423238,77.17842323651452,32.365145228215766,0.0,35.56,0.0,soft_flag,soft_flag,ok,aggressive,PASS,PASS,PASS,PASS,PASS,GATE_PASS,PASSED,,38.35,-51.12,1.6921,2026-05-20,0.025,^STOXX
III.L,Financials,0.3122,-0.533,0.2805,1.2367,50.0,41.078838174273855,79.66804979253112,25.72614107883817,50.0,49.83,0.0,ok,soft_flag,ok,elevated,PASS,PASS,PASS,PASS,PASS,GATE_PASS,PASSED,,31.22,-53.3,1.2367,2026-05-20,0.025,^STOXX
KRX.IR,Materials,0.3604,-0.5789,-0.081,1.3995,25.0,20.539419087136935,86.30705394190872,9.95850622406639,25.0,37.99,0.0,soft_flag,soft_flag,hard_exclude,elevated_high,PASS,PASS,PASS,PASS,PASS,GATE_PASS,EXCLUDED_METRIC,M03:sharpe<0,36.04,-57.89,1.3995,2026-05-20,0.025,^STOXX
KESKOB.HE,Consumer Staples,0.2411,-0.5522,-0.1437,0.6643,100.0,74.68879668049793,82.98755186721992,7.053941908713693,100.0,61.95,0.0,ok,soft_flag,hard_exclude,target_band,PASS,PASS,PASS,PASS,PASS,GATE_PASS,EXCLUDED_METRIC,M03:sharpe<0,24.11,-55.22,0.6643,2026-05-20,0.025,^STOXX
CFR.SW,Consumer Discretionary,0.3409,-0.3661,0.2877,1.5642,0.0,29.875518672199178,41.90871369294605,26.141078838174277,0.0,26.39,0.0,ok,ok,ok,aggressive,PASS,PASS,PASS,PASS,PASS,GATE_PASS,PASSED,,34.09,-36.61,1.5642,2026-05-20,0.025,^STOXX
STMN.SW,Health Care,0.352,-0.6247,-0.3004,1.4623,0.0,25.31120331950207,93.7759336099585,2.4896265560165975,0.0,33.94,0.0,soft_flag,soft_flag,hard_exclude,aggressive,PASS,PASS,PASS,PASS,PASS,GATE_PASS,EXCLUDED_METRIC,M03:sharpe<0,35.2,-62.47,1.4623,2026-05-20,0.025,^STOXX
AV.L,Financials,,,,,,,,,,,,,,,,PASS,PASS,FAIL,PASS,PASS,GATE_FAIL,EXCLUDED_GATE,G3:negative_cashflow,,,,2026-05-20,0.025,^STOXX
TREL-B.ST,Industrials,0.3193,-0.3361,0.3716,1.1965,50.0,40.66390041493776,32.780082987551864,36.92946058091287,50.0,39.05,0.0,ok,ok,ok,elevated,PASS,PASS,PASS,PASS,PASS,GATE_PASS,PASSED,,31.93,-33.61,1.1965,2026-05-20,0.025,^STOXX
A2A.MI,Utilities,0.2442,-0.4831,0.3568,0.8646,100.0,73.02904564315352,73.85892116182572,36.09958506224066,100.0,67.59,0.0,ok,soft_flag,ok,target_band,PASS,PASS,PASS,PASS,PASS,GATE_PASS,PASSED,,24.42,-48.31,0.8646,2026-05-20,0.025,^STOXX
EOAN.DE,Utilities,0.215,-0.3702,0.6133,0.5788,75.0,85.47717842323651,42.94605809128631,72.61410788381743,75.0,66.76,0.0,ok,ok,ok,defensive,PASS,PASS,PASS,PASS,PASS,GATE_PASS,PASSED,,21.5,-37.02,0.5788,2026-05-20,0.025,^STOXX
VIE.PA,Utilities,0.2414,-0.3977,0.3366,1.1136,50.0,74.27385892116183,52.28215767634855,32.780082987551864,50.0,50.37,0.0,ok,ok,ok,elevated,PASS,PASS,PASS,PASS,PASS,GATE_PASS,PASSED,,24.14,-39.77,1.1136,2026-05-20,0.025,^STOXX
WRT1V.HE,Industrials,0.3408,-0.5047,0.6946,1.3432,25.0,30.290456431535276,76.34854771784232,78.83817427385893,25.0,57.61,0.0,ok,soft_flag,ok,elevated_high,PASS,PASS,PASS,PASS,PASS,GATE_PASS,PASSED,,34.08,-50.47,1.3432,2026-05-20,0.025,^STOXX
HNR1.DE,Financials,0.227,-0.2447,0.5227,0.773,100.0,81.32780082987551,10.373443983402481,60.16597510373444,100.0,57.43,0.0,ok,ok,ok,target_band,PASS,PASS,PASS,PASS,PASS,GATE_PASS,PASSED,,22.7,-24.47,0.773,2026-05-20,0.025,^STOXX
AZN.L,Health Care,0.2384,-0.2717,0.3455,0.6464,100.0,76.34854771784232,17.01244813278008,34.439834024896264,100.0,50.71,0.0,ok,ok,ok,target_band,PASS,PASS,PASS,PASS,PASS,GATE_PASS,PASSED,,23.84,-27.17,0.6464,2026-05-20,0.025,^STOXX
BARC.L,Financials,0.3117,-0.4044,0.4828,1.4388,0.0,41.49377593360995,55.18672199170124,54.77178423236515,0.0,41.29,0.0,ok,ok,ok,aggressive,PASS,PASS,DATA-INCOMPLETE,DATA-INCOMPLETE,PASS,REVIEW_REQUIRED,REVIEW_REQUIRED,,31.17,-40.44,1.4388,2026-05-20,0.025,^STOXX
HBAN.SW,Financials,0.1979,-0.2662,0.828,0.8006,100.0,92.11618257261411,14.937759336099589,91.28630705394191,100.0,70.29,0.0,ok,ok,ok,target_band,PASS,PASS,PASS,PASS,PASS,GATE_PASS,PASSED,,19.79,-26.62,0.8006,2026-05-20,0.025,^STOXX
LLOY.L,Financials,0.2724,-0.2906,0.4212,1.1863,50.0,62.03319502074689,20.746887966804977,46.88796680497925,50.0,42.7,0.0,ok,ok,ok,elevated,PASS,PASS,DATA-INCOMPLETE,DATA-INCOMPLETE,PASS,REVIEW_REQUIRED,REVIEW_REQUIRED,,27.24,-29.06,1.1863,2026-05-20,0.025,^STOXX
SLHN.SW,Financials,0.1956,-0.2865,0.7441,0.9045,100.0,92.9460580912863,20.33195020746888,85.47717842323651,100.0,70.33,0.0,ok,ok,ok,target_band,PASS,PASS,PASS,PASS,PASS,GATE_PASS,PASSED,,19.56,-28.65,0.9045,2026-05-20,0.025,^STOXX
ZURN.SW,Financials,0.1707,-0.1531,0.6632,0.7222,100.0,96.6804979253112,0.4149377593360981,76.34854771784232,100.0,62.37,0.0,ok,ok,ok,target_band,PASS,PASS,PASS,PASS,PASS,GATE_PASS,PASSED,,17.07,-15.31,0.7222,2026-05-20,0.025,^STOXX
FRO.OL,Industrials,0.458,-0.561,0.675,0.4289,75.0,3.319502074688799,85.06224066390041,77.17842323651453,75.0,64.34,0.0,soft_flag,soft_flag,ok,defensive,PASS,PASS,PASS,PASS,PASS,GATE_PASS,PASSED,,45.8,-56.1,0.4289,2026-05-20,0.025,^STOXX
KCR.HE,Industrials,0.3604,-0.4947,0.4725,1.4335,0.0,20.539419087136935,75.10373443983403,53.11203319502075,0.0,42.57,0.0,soft_flag,soft_flag,ok,aggressive,PASS,PASS,PASS,PASS,PASS,GATE_PASS,PASSED,,36.04,-49.47,1.4335,2026-05-20,0.025,^STOXX
SWED-A.ST,Financials,,,,,,,,,,,,,,,,PASS,PASS,FAIL,DATA-INCOMPLETE,PASS,GATE_FAIL,EXCLUDED_GATE,G3:negative_cashflow,,,,2026-05-20,0.025,^STOXX
NKT.CO,Industrials,0.3592,-0.3439,0.7123,1.1382,50.0,21.161825726141075,36.09958506224067,81.74273858921161,50.0,49.59,0.0,soft_flag,ok,ok,elevated,PASS,PASS,PASS,PASS,PASS,GATE_PASS,PASSED,,35.92,-34.39,1.1382,2026-05-20,0.025,^STOXX
FHZN.SW,Industrials,0.2068,-0.2236,0.3031,0.7326,100.0,89.2116182572614,6.2240663900415,28.21576763485477,100.0,48.17,0.0,ok,ok,ok,target_band,PASS,PASS,PASS,PASS,PASS,GATE_PASS,PASSED,,20.68,-22.36,0.7326,2026-05-20,0.025,^STOXX
HUBN.SW,Industrials,0.2779,-0.3211,0.9347,0.9029,100.0,58.921161825726145,28.63070539419087,95.0207468879668,100.0,68.88,0.0,ok,ok,ok,target_band,PASS,PASS,PASS,DATA-INCOMPLETE,PASS,REVIEW_REQUIRED,REVIEW_REQUIRED,,27.79,-32.11,0.9029,2026-05-20,0.025,^STOXX
RMS.PA,Consumer Discretionary,0.2865,-0.4336,0.2138,1.2862,50.0,53.941908713692946,62.24066390041494,20.74688796680498,50.0,45.68,0.0,ok,ok,ok,elevated,PASS,PASS,PASS,PASS,PASS,GATE_PASS,PASSED,,28.65,-43.36,1.2862,2026-05-20,0.025,^STOXX
TLX.DE,Financials,0.2356,-0.2122,0.9981,0.8927,100.0,78.00829875518673,4.149377593360995,97.0954356846473,100.0,65.98,0.0,ok,ok,ok,target_band,PASS,PASS,DATA-INCOMPLETE,DATA-INCOMPLETE,PASS,REVIEW_REQUIRED,REVIEW_REQUIRED,,23.56,-21.22,0.8927,2026-05-20,0.025,^STOXX
G1A.DE,Industrials,0.224,-0.3315,0.3925,0.9054,100.0,83.81742738589212,31.53526970954357,40.24896265560166,100.0,58.3,0.0,ok,ok,ok,target_band,PASS,PASS,PASS,PASS,PASS,GATE_PASS,PASSED,,22.4,-33.15,0.9054,2026-05-20,0.025,^STOXX
REY.MI,Technology,0.3361,-0.5709,-0.133,1.2734,50.0,32.780082987551864,85.89211618257261,7.883817427385892,50.0,44.69,0.0,ok,soft_flag,hard_exclude,elevated,PASS,PASS,DATA-INCOMPLETE,PASS,PASS,REVIEW_REQUIRED,EXCLUDED_METRIC,M03:sharpe<0,33.61,-57.09,1.2734,2026-05-20,0.025,^STOXX
HOLM-B.ST,Materials,0.2296,-0.3963,-0.1903,0.713,100.0,80.49792531120332,51.86721991701245,6.224066390041494,100.0,53.53,0.0,ok,ok,hard_exclude,target_band,PASS,PASS,PASS,PASS,PASS,GATE_PASS,EXCLUDED_METRIC,M03:sharpe<0,22.96,-39.63,0.713,2026-05-20,0.025,^STOXX
ENI.MI,Energy,0.236,-0.2625,0.911,0.6965,100.0,77.59336099585062,14.107883817427393,93.7759336099585,100.0,67.88,0.0,ok,ok,ok,target_band,PASS,PASS,PASS,PASS,PASS,GATE_PASS,PASSED,,23.6,-26.25,0.6965,2026-05-20,0.025,^STOXX
FNTN.DE,Communications,0.249,-0.2864,0.3648,0.6164,100.0,70.53941908713693,19.91701244813278,36.51452282157676,100.0,51.04,0.0,ok,ok,ok,target_band,PASS,PASS,PASS,PASS,PASS,GATE_PASS,PASSED,,24.9,-28.64,0.6164,2026-05-20,0.025,^STOXX
FER.MC,Industrials,0.2113,-0.171,0.7925,0.9261,100.0,86.72199170124482,1.2448132780082943,89.21161825726142,100.0,64.48,0.0,ok,ok,ok,target_band,PASS,PASS,PASS,PASS,PASS,GATE_PASS,PASSED,,21.13,-17.1,0.9261,2026-05-20,0.025,^STOXX
SAB.MC,Financials,0.3641,-0.3702,0.9602,1.1938,50.0,18.672199170124486,42.94605809128631,95.850622406639,50.0,55.37,0.0,soft_flag,ok,ok,elevated,PASS,PASS,DATA-INCOMPLETE,DATA-INCOMPLETE,PASS,REVIEW_REQUIRED,REVIEW_REQUIRED,,36.41,-37.02,1.1938,2026-05-20,0.025,^STOXX
NEX.PA,Industrials,0.362,-0.4226,0.407,1.3866,25.0,19.91701244813278,60.58091286307054,43.56846473029046,25.0,40.23,0.0,soft_flag,ok,ok,elevated_high,PASS,PASS,PASS,PASS,PASS,GATE_PASS,PASSED,,36.2,-42.26,1.3866,2026-05-20,0.025,^STOXX
ANDR.VI,Industrials,0.276,-0.3401,0.3809,1.0475,100.0,59.75103734439834,34.02489626556017,39.004149377593365,100.0,53.86,0.0,ok,ok,ok,target_band,PASS,PASS,PASS,PASS,PASS,GATE_PASS,PASSED,,27.6,-34.01,1.0475,2026-05-20,0.025,^STOXX
HOLN.SW,Materials,0.3837,-0.5259,0.1824,1.0976,100.0,12.863070539419084,77.59336099585062,18.672199170124482,100.0,51.45,0.0,soft_flag,soft_flag,soft_flag,target_band,PASS,PASS,PASS,PASS,PASS,GATE_PASS,PASSED,,38.37,-52.59,1.0976,2026-05-20,0.025,^STOXX
BP.L,Energy,0.2881,-0.415,0.3338,0.6533,100.0,52.4896265560166,57.67634854771784,31.327800829875518,100.0,57.2,0.0,ok,ok,ok,target_band,PASS,PASS,PASS,PASS,PASS,GATE_PASS,PASSED,,28.81,-41.5,0.6533,2026-05-20,0.025,^STOXX
NOVN.SW,Health Care,0.1773,-0.1686,0.5989,0.546,75.0,95.850622406639,0.8298755186721962,70.12448132780082,75.0,55.46,0.0,ok,ok,ok,defensive,PASS,PASS,PASS,PASS,PASS,GATE_PASS,PASSED,,17.73,-16.86,0.546,2026-05-20,0.025,^STOXX
VK.PA,Materials,0.438,-0.4171,0.3927,1.0246,100.0,4.564315352697093,58.713692946058096,40.66390041493776,100.0,50.73,0.0,soft_flag,ok,ok,target_band,PASS,PASS,PASS,PASS,PASS,GATE_PASS,PASSED,,43.8,-41.71,1.0246,2026-05-20,0.025,^STOXX
DIE.BR,Consumer Discretionary,,,,,,,,,,,,,,,,PASS,PASS,PASS,FAIL,PASS,GATE_FAIL,EXCLUDED_GATE,G4:excess_leverage,,,,2026-05-20,0.025,^STOXX
ACA.PA,Financials,0.234,-0.3647,0.4404,1.0611,100.0,78.42323651452281,41.49377593360995,49.79253112033195,100.0,63.07,0.0,ok,ok,ok,target_band,PASS,PASS,DATA-INCOMPLETE,DATA-INCOMPLETE,PASS,REVIEW_REQUIRED,REVIEW_REQUIRED,,23.4,-36.47,1.0611,2026-05-20,0.025,^STOXX
AGS.BR,Financials,0.2267,-0.2533,0.4279,0.8977,100.0,82.15767634854771,11.61825726141079,47.71784232365145,100.0,54.23,0.0,ok,ok,ok,target_band,PASS,PASS,PASS,PASS,PASS,GATE_PASS,PASSED,,22.67,-25.33,0.8977,2026-05-20,0.025,^STOXX
NG.L,Utilities,0.2036,-0.3262,0.1425,0.3571,,89.6265560165975,29.875518672199178,16.182572614107883,,46.74,1.0,ok,ok,soft_flag,soft_flag_review,PASS,PASS,PASS,PASS,PASS,GATE_PASS,PASSED,,20.36,-32.62,0.3571,2026-05-20,0.025,^STOXX
ACKB.BR,Industrials,0.1924,-0.2708,0.7027,0.8416,100.0,93.7759336099585,16.59751037344398,80.70539419087137,100.0,67.95,0.0,ok,ok,ok,target_band,PASS,PASS,PASS,PASS,PASS,GATE_PASS,PASSED,,19.24,-27.08,0.8416,2026-05-20,0.025,^STOXX
STB.OL,Financials,,,,,,,,,,,,,,,,PASS,FAIL,PASS,PASS,PASS,GATE_FAIL,EXCLUDED_GATE,G2:negative_margins,,,,2026-05-20,0.025,^STOXX
INDU-C.ST,Financials,0.2094,-0.3372,0.3987,1.1121,50.0,88.38174273858921,33.40248962655602,42.738589211618255,50.0,50.52,0.0,ok,ok,ok,elevated,PASS,PASS,PASS,PASS,PASS,GATE_PASS,PASSED,,20.94,-33.72,1.1121,2026-05-20,0.025,^STOXX
SSAB-B.ST,Materials,0.414,-0.4601,0.494,1.2715,50.0,7.053941908713696,68.46473029045643,56.84647302904564,50.0,49.0,0.0,soft_flag,soft_flag,ok,elevated,PASS,PASS,PASS,PASS,PASS,GATE_PASS,PASSED,,41.4,-46.01,1.2715,2026-05-20,0.025,^STOXX
BGN.MI,Financials,0.2585,-0.3731,0.565,1.2069,50.0,66.80497925311204,43.56846473029046,66.80497925311202,50.0,56.47,0.0,ok,ok,ok,elevated,PASS,PASS,DATA-INCOMPLETE,DATA-INCOMPLETE,PASS,REVIEW_REQUIRED,REVIEW_REQUIRED,,25.85,-37.31,1.2069,2026-05-20,0.025,^STOXX
PAF.L,Materials,0.4787,-0.4989,0.7605,0.5023,75.0,2.0746887966805048,75.51867219917013,86.30705394190872,75.0,63.96,0.0,soft_flag,soft_flag,ok,defensive,PASS,PASS,PASS,PASS,PASS,GATE_PASS,PASSED,,47.87,-49.89,0.5023,2026-05-20,0.025,^STOXX
ANTO.L,Materials,0.3973,-0.4431,0.3903,1.4749,0.0,9.958506224066383,64.31535269709543,39.83402489626556,0.0,33.24,0.0,soft_flag,ok,ok,aggressive,PASS,PASS,PASS,PASS,PASS,GATE_PASS,PASSED,,39.73,-44.31,1.4749,2026-05-20,0.025,^STOXX
IHG.L,Consumer Discretionary,0.2487,-0.3124,0.6305,1.0313,100.0,70.95435684647302,26.970954356846477,73.85892116182573,100.0,64.44,0.0,ok,ok,ok,target_band,PASS,PASS,PASS,DATA-INCOMPLETE,PASS,REVIEW_REQUIRED,REVIEW_REQUIRED,,24.87,-31.24,1.0313,2026-05-20,0.025,^STOXX
SB1NO.OL,Financials,0.2172,-0.2475,0.6567,0.6861,100.0,85.06224066390041,10.78838174273858,75.51867219917013,100.0,62.9,0.0,ok,ok,ok,target_band,PASS,PASS,PASS,DATA-INCOMPLETE,PASS,REVIEW_REQUIRED,REVIEW_REQUIRED,,21.72,-24.75,0.6861,2026-05-20,0.025,^STOXX
TRN.MI,Utilities,0.1896,-0.255,0.5788,0.4705,75.0,94.60580912863071,12.863070539419084,68.46473029045643,75.0,58.32,0.0,ok,ok,ok,defensive,PASS,PASS,PASS,PASS,PASS,GATE_PASS,PASSED,,18.96,-25.5,0.4705,2026-05-20,0.025,^STOXX
IPN.PA,Health Care,0.2777,-0.3114,0.3938,0.648,100.0,59.33609958506224,26.556016597510364,41.078838174273855,100.0,52.16,0.0,ok,ok,ok,target_band,PASS,PASS,PASS,PASS,PASS,GATE_PASS,PASSED,,27.77,-31.14,0.648,2026-05-20,0.025,^STOXX
AZM.MI,Financials,0.2724,-0.4464,0.5203,1.3525,25.0,62.03319502074689,65.14522821576764,59.33609958506224,25.0,54.75,0.0,ok,ok,ok,elevated_high,PASS,PASS,PASS,PASS,PASS,GATE_PASS,PASSED,,27.24,-44.64,1.3525,2026-05-20,0.025,^STOXX
INDT.ST,Industrials,0.3216,-0.4145,-0.0811,1.3783,25.0,39.00414937759336,57.261410788381745,9.54356846473029,25.0,32.84,0.0,ok,ok,hard_exclude,elevated_high,PASS,PASS,PASS,PASS,PASS,GATE_PASS,EXCLUDED_METRIC,M03:sharpe<0,32.16,-41.45,1.3783,2026-05-20,0.025,^STOXX
HOC.L,Materials,0.5601,-0.7125,0.3976,0.8877,100.0,0.0,97.5103734439834,42.32365145228216,100.0,61.95,0.0,hard_exclude,hard_exclude,ok,target_band,PASS,PASS,PASS,PASS,PASS,GATE_PASS,EXCLUDED_METRIC,M01:vol>55%; M02:mdd<-70%,56.01,-71.25,0.8877,2026-05-20,0.025,^STOXX
PSPN.SW,Real Estate,0.1612,-0.2623,0.3536,0.3809,,98.34024896265561,13.69294605809128,35.26970954356847,,49.36,1.0,ok,ok,ok,soft_flag_review,PASS,PASS,PASS,PASS,PASS,GATE_PASS,PASSED,,16.12,-26.23,0.3809,2026-05-20,0.025,^STOXX
NESTE.HE,Energy,0.4078,-0.8566,-0.2624,0.8028,100.0,7.8838174273858925,99.5850622406639,2.904564315352697,100.0,52.32,0.0,soft_flag,hard_exclude,hard_exclude,target_band,PASS,PASS,PASS,PASS,PASS,GATE_PASS,EXCLUDED_METRIC,M02:mdd<-70%; M03:sharpe<0,40.78,-85.66,0.8028,2026-05-20,0.025,^STOXX
RBI.VI,Financials,0.3921,-0.6165,0.539,1.5012,0.0,11.203319502074692,92.9460580912863,63.07053941908713,0.0,49.05,0.0,soft_flag,soft_flag,ok,aggressive,PASS,PASS,PASS,DATA-INCOMPLETE,PASS,REVIEW_REQUIRED,REVIEW_REQUIRED,,39.21,-61.65,1.5012,2026-05-20,0.025,^STOXX
ELI.BR,Utilities,0.2706,-0.6015,0.2413,0.504,75.0,63.27800829875518,91.28630705394191,22.40663900414938,75.0,61.76,0.0,ok,soft_flag,ok,defensive,PASS,PASS,PASS,PASS,PASS,GATE_PASS,PASSED,,27.06,-60.15,0.504,2026-05-20,0.025,^STOXX
MOBN.SW,Real Estate,0.1632,-0.3763,0.3055,0.4173,75.0,97.5103734439834,45.643153526970956,28.63070539419087,75.0,56.78,0.0,ok,ok,ok,defensive,PASS,PASS,PASS,PASS,PASS,GATE_PASS,PASSED,,16.32,-37.63,0.4173,2026-05-20,0.025,^STOXX
MT.AS,Materials,0.3708,-0.3946,0.3736,1.6502,0.0,16.59751037344398,51.03734439834025,37.344398340248965,0.0,29.83,0.0,soft_flag,ok,ok,aggressive,PASS,PASS,PASS,PASS,PASS,GATE_PASS,PASSED,,37.08,-39.46,1.6502,2026-05-20,0.025,^STOXX
ENGI.PA,Utilities,,,,,,,,,,,,,,,,PASS,PASS,FAIL,PASS,PASS,GATE_FAIL,EXCLUDED_GATE,G3:negative_cashflow,,,,2026-05-20,0.025,^STOXX
BOL.ST,Materials,0.3729,-0.4143,0.2588,1.2215,50.0,16.182572614107883,56.84647302904564,24.066390041493776,50.0,37.51,0.0,soft_flag,ok,ok,elevated,PASS,PASS,PASS,PASS,PASS,GATE_PASS,PASSED,,37.29,-41.43,1.2215,2026-05-20,0.025,^STOXX
SOBI.ST,Health Care,0.3295,-0.3022,0.6059,0.6839,100.0,34.64730290456431,23.236514522821565,71.36929460580913,100.0,55.31,0.0,ok,ok,ok,target_band,PASS,PASS,PASS,PASS,PASS,GATE_PASS,PASSED,,32.95,-30.22,0.6839,2026-05-20,0.025,^STOXX
HSX.L,Financials,0.2547,-0.2135,0.5498,0.7074,100.0,68.87966804979253,4.564315352697093,64.31535269709543,100.0,54.44,0.0,ok,ok,ok,target_band,PASS,PASS,PASS,PASS,PASS,GATE_PASS,PASSED,,25.47,-21.35,0.7074,2026-05-20,0.025,^STOXX
ORNBV.HE,Health Care,0.2817,-0.3688,0.4866,0.5128,75.0,56.63900414937759,42.323651452282164,55.18672199170125,75.0,55.58,0.0,ok,ok,ok,defensive,PASS,PASS,PASS,PASS,PASS,GATE_PASS,PASSED,,28.17,-36.88,0.5128,2026-05-20,0.025,^STOXX
PGHN.SW,Financials,0.3072,-0.5318,-0.2286,1.496,0.0,42.73858921161826,78.83817427385893,4.149377593360995,0.0,33.44,0.0,ok,soft_flag,hard_exclude,aggressive,PASS,PASS,PASS,PASS,PASS,GATE_PASS,EXCLUDED_METRIC,M03:sharpe<0,30.72,-53.18,1.496,2026-05-20,0.025,^STOXX
LR.PA,Industrials,0.2465,-0.3614,0.4109,1.1171,50.0,72.61410788381743,39.83402489626556,45.22821576763486,50.0,50.04,0.0,ok,ok,ok,elevated,PASS,PASS,PASS,PASS,PASS,GATE_PASS,PASSED,,24.65,-36.14,1.1171,2026-05-20,0.025,^STOXX
TEN.MI,Materials,0.3316,-0.3154,0.6743,0.8836,100.0,33.609958506224075,27.385892116182575,76.76348547717843,100.0,57.97,0.0,ok,ok,ok,target_band,PASS,PASS,PASS,PASS,PASS,GATE_PASS,PASSED,,33.16,-31.54,0.8836,2026-05-20,0.025,^STOXX
ALSYDB.CO,Financials,,,,,,,,,,,,,,,,FAIL,PASS,FAIL,DATA-INCOMPLETE,PASS,GATE_FAIL,EXCLUDED_GATE,G1:insufficient_history(112 rows); G3:negative_cashflow,,,,2026-05-20,0.025,^STOXX
VZN.SW,Financials,0.2212,-0.3197,0.5855,0.8058,100.0,84.23236514522821,28.21576763485477,69.29460580912863,100.0,66.1,0.0,ok,ok,ok,target_band,PASS,PASS,PASS,PASS,PASS,GATE_PASS,PASSED,,22.12,-31.97,0.8058,2026-05-20,0.025,^STOXX
IGG.L,Financials,0.2297,-0.3524,0.5163,0.6507,100.0,80.08298755186722,37.75933609958506,58.921161825726145,100.0,65.02,0.0,ok,ok,ok,target_band,PASS,PASS,PASS,PASS,PASS,GATE_PASS,PASSED,,22.97,-35.24,0.6507,2026-05-20,0.025,^STOXX
ICG.L,Financials,0.3516,-0.5991,-0.146,1.7448,0.0,25.726141078838168,90.24896265560166,6.639004149377594,0.0,34.21,0.0,soft_flag,soft_flag,hard_exclude,aggressive,PASS,PASS,PASS,PASS,PASS,GATE_PASS,EXCLUDED_METRIC,M03:sharpe<0,35.16,-59.91,1.7448,2026-05-20,0.025,^STOXX
FLS.CO,Industrials,0.3491,-0.395,0.3823,1.4276,0.0,26.556016597510364,51.45228215767635,39.41908713692946,0.0,32.57,0.0,ok,ok,ok,aggressive,PASS,PASS,PASS,PASS,PASS,GATE_PASS,PASSED,,34.91,-39.5,1.4276,2026-05-20,0.025,^STOXX
SPSN.SW,Real Estate,0.1563,-0.2504,0.5574,0.4122,75.0,98.7551867219917,11.203319502074692,65.97510373443983,75.0,57.9,0.0,ok,ok,ok,defensive,PASS,PASS,PASS,PASS,PASS,GATE_PASS,PASSED,,15.63,-25.04,0.4122,2026-05-20,0.025,^STOXX
METSO.HE,Industrials,0.3429,-0.375,0.3109,1.578,0.0,29.045643153526967,43.983402489626556,29.87551867219917,0.0,27.97,0.0,ok,ok,ok,aggressive,PASS,PASS,PASS,PASS,PASS,GATE_PASS,PASSED,,34.29,-37.5,1.578,2026-05-20,0.025,^STOXX
TUB.BR,Health Care,,,,,,,,,,,,,,,,PASS,FAIL,FAIL,DATA-INCOMPLETE,PASS,GATE_FAIL,EXCLUDED_GATE,G2:negative_margins; G3:negative_cashflow,,,,2026-05-20,0.025,^STOXX
CABK.MC,Financials,0.2961,-0.263,1.0511,0.9901,100.0,48.132780082987544,14.52282157676349,98.3402489626556,100.0,63.49,0.0,ok,ok,ok,target_band,PASS,PASS,DATA-INCOMPLETE,DATA-INCOMPLETE,PASS,REVIEW_REQUIRED,REVIEW_REQUIRED,,29.61,-26.3,0.9901,2026-05-20,0.025,^STOXX
ADDT-B.ST,Industrials,0.3544,-0.4116,0.4495,1.4996,0.0,23.236514522821565,56.016597510373444,50.62240663900415,0.0,36.64,0.0,soft_flag,ok,ok,aggressive,PASS,PASS,PASS,PASS,PASS,GATE_PASS,PASSED,,35.44,-41.16,1.4996,2026-05-20,0.025,^STOXX
PRY.MI,Industrials,0.3238,-0.4354,0.9698,1.3951,25.0,36.51452282157677,63.07053941908713,96.6804979253112,25.0,60.23,0.0,ok,ok,ok,elevated_high,PASS,PASS,PASS,PASS,PASS,GATE_PASS,PASSED,,32.38,-43.54,1.3951,2026-05-20,0.025,^STOXX
SALM.OL,Consumer Staples,0.344,-0.5873,0.0467,0.5225,75.0,28.21576763485477,87.55186721991701,14.107883817427386,75.0,51.14,0.0,ok,soft_flag,soft_flag,defensive,PASS,PASS,PASS,PASS,PASS,GATE_PASS,PASSED,,34.4,-58.73,0.5225,2026-05-20,0.025,^STOXX
DIM.PA,Health Care,0.4414,-0.732,-0.4023,1.3164,25.0,4.149377593360995,97.9253112033195,1.2448132780082988,25.0,35.58,0.0,soft_flag,hard_exclude,hard_exclude,elevated_high,PASS,PASS,PASS,PASS,PASS,GATE_PASS,EXCLUDED_METRIC,M02:mdd<-70%; M03:sharpe<0,44.14,-73.2,1.3164,2026-05-20,0.025,^STOXX
ALK-B.CO,Health Care,0.3697,-0.5884,0.2679,0.8864,100.0,17.42738589211619,87.96680497925311,24.896265560165975,100.0,57.34,0.0,soft_flag,soft_flag,ok,target_band,PASS,PASS,PASS,PASS,PASS,GATE_PASS,PASSED,,36.97,-58.84,0.8864,2026-05-20,0.025,^STOXX
FRES.L,Materials,0.4248,-0.5536,0.5595,0.6916,100.0,6.2240663900415,83.81742738589212,66.39004149377593,100.0,66.31,0.0,soft_flag,soft_flag,ok,target_band,PASS,PASS,PASS,PASS,PASS,GATE_PASS,PASSED,,42.48,-55.36,0.6916,2026-05-20,0.025,^STOXX
FTK.DE,Financials,0.5003,-0.8056,0.0505,1.4918,0.0,1.2448132780082943,99.1701244813278,14.522821576763487,0.0,34.36,0.0,soft_flag,hard_exclude,soft_flag,aggressive,PASS,PASS,DATA-INCOMPLETE,PASS,PASS,REVIEW_REQUIRED,EXCLUDED_METRIC,M02:mdd<-70%,50.03,-80.56,1.4918,2026-05-20,0.025,^STOXX
LOOMIS.ST,Industrials,0.2818,-0.2814,0.4301,0.8267,100.0,56.016597510373444,18.672199170124486,48.13278008298755,100.0,51.24,0.0,ok,ok,ok,target_band,PASS,PASS,PASS,PASS,PASS,GATE_PASS,PASSED,,28.18,-28.14,0.8267,2026-05-20,0.025,^STOXX
VATN.SW,Financials,0.1701,-0.1246,0.7402,0.4138,75.0,97.0954356846473,0.0,84.23236514522821,75.0,59.69,0.0,ok,ok,ok,defensive,PASS,PASS,PASS,DATA-INCOMPLETE,PASS,REVIEW_REQUIRED,REVIEW_REQUIRED,,17.01,-12.46,0.4138,2026-05-20,0.025,^STOXX
BCVN.SW,Financials,,,,,,,,,,,,,,,,PASS,PASS,FAIL,DATA-INCOMPLETE,PASS,GATE_FAIL,EXCLUDED_GATE,G3:negative_cashflow,,,,2026-05-20,0.025,^STOXX
KBCA.BR,Financials,,,,,,,,,,,,,,,,PASS,FAIL,DATA-INCOMPLETE,PASS,PASS,GATE_FAIL,EXCLUDED_GATE,G2:negative_margins,,,,2026-05-20,0.025,^STOXX
BAER.SW,Financials,0.2916,-0.3427,0.1583,1.3785,25.0,49.79253112033195,35.26970954356847,17.42738589211618,25.0,30.77,0.0,ok,ok,soft_flag,elevated_high,PASS,PASS,PASS,DATA-INCOMPLETE,PASS,REVIEW_REQUIRED,REVIEW_REQUIRED,,29.16,-34.27,1.3785,2026-05-20,0.025,^STOXX
BPE.MI,Financials,0.3625,-0.384,1.0612,1.3822,25.0,19.502074688796682,46.88796680497925,98.7551867219917,25.0,52.59,0.0,soft_flag,ok,ok,elevated_high,PASS,PASS,DATA-INCOMPLETE,DATA-INCOMPLETE,PASS,REVIEW_REQUIRED,REVIEW_REQUIRED,,36.25,-38.4,1.3822,2026-05-20,0.025,^STOXX
HLMA.L,Industrials,0.2569,-0.4369,0.3395,1.0689,100.0,68.04979253112033,63.48547717842324,33.19502074688796,100.0,62.61,0.0,ok,ok,ok,target_band,PASS,PASS,PASS,PASS,PASS,GATE_PASS,PASSED,,25.69,-43.69,1.0689,2026-05-20,0.025,^STOXX
AKRBP.OL,Energy,0.345,-0.3899,0.4107,0.3087,,27.800829875518673,48.962655601659755,44.81327800829876,,48.69,1.0,ok,ok,ok,soft_flag_review,PASS,PASS,PASS,PASS,PASS,GATE_PASS,PASSED,,34.5,-38.99,0.3087,2026-05-20,0.025,^STOXX
LAGR-B.ST,Technology,0.3524,-0.402,0.5204,1.3957,25.0,24.896265560165972,53.941908713692946,59.75103734439834,25.0,44.09,0.0,soft_flag,ok,ok,elevated_high,PASS,PASS,PASS,PASS,PASS,GATE_PASS,PASSED,,35.24,-40.2,1.3957,2026-05-20,0.025,^STOXX
ZEAL.CO,Health Care,,,,,,,,,,,,,,,,PASS,FAIL,PASS,PASS,PASS,GATE_FAIL,EXCLUDED_GATE,G2:negative_margins,,,,2026-05-20,0.025,^STOXX
NOD.OL,Technology,0.5319,-0.7545,-0.0737,1.4664,0.0,0.8298755186721962,98.7551867219917,10.37344398340249,0.0,32.9,0.0,soft_flag,hard_exclude,hard_exclude,aggressive,PASS,PASS,PASS,PASS,PASS,GATE_PASS,EXCLUDED_METRIC,M02:mdd<-70%; M03:sharpe<0,53.19,-75.45,1.4664,2026-05-20,0.025,^STOXX
SREN.SW,Financials,0.2197,-0.2674,0.5255,0.8502,100.0,84.64730290456431,15.767634854771785,60.58091286307054,100.0,59.83,0.0,ok,ok,ok,target_band,PASS,PASS,DATA-INCOMPLETE,PASS,PASS,REVIEW_REQUIRED,REVIEW_REQUIRED,,21.97,-26.74,0.8502,2026-05-20,0.025,^STOXX
BKW.SW,Utilities,0.2319,-0.2535,0.3453,0.5394,75.0,79.25311203319502,12.033195020746888,34.024896265560166,75.0,44.67,0.0,ok,ok,ok,defensive,PASS,PASS,PASS,PASS,PASS,GATE_PASS,PASSED,,23.19,-25.35,0.5394,2026-05-20,0.025,^STOXX
BC.MI,Consumer Discretionary,0.3493,-0.4614,0.2883,1.3932,25.0,26.141078838174266,68.87966804979253,26.556016597510375,25.0,38.86,0.0,ok,soft_flag,ok,elevated_high,PASS,PASS,PASS,PASS,PASS,GATE_PASS,PASSED,,34.93,-46.14,1.3932,2026-05-20,0.025,^STOXX
PKO.WA,Financials,,,,,,,,,,,,,,,,PASS,PASS,FAIL,DATA-INCOMPLETE,PASS,GATE_FAIL,EXCLUDED_GATE,G3:negative_cashflow,,,,2026-05-20,0.025,^STOXX
ACP.WA,Technology,0.3194,-0.3447,0.714,0.7468,100.0,40.24896265560166,36.92946058091287,82.15767634854771,100.0,63.78,0.0,ok,ok,ok,target_band,PASS,PASS,PASS,PASS,PASS,GATE_PASS,PASSED,,31.94,-34.47,0.7468,2026-05-20,0.025,^STOXX
PKN.WA,Energy,0.3201,-0.4186,0.526,0.7317,100.0,39.83402489626556,59.75103734439834,60.99585062240664,100.0,64.19,0.0,ok,ok,ok,target_band,PASS,PASS,PASS,PASS,PASS,GATE_PASS,PASSED,,32.01,-41.86,0.7317,2026-05-20,0.025,^STOXX
PZU.WA,Financials,0.2718,-0.391,0.6372,0.9241,100.0,62.655601659751035,49.79253112033195,74.27385892116183,100.0,69.75,0.0,ok,ok,ok,target_band,PASS,PASS,PASS,PASS,PASS,GATE_PASS,PASSED,,27.18,-39.1,0.9241,2026-05-20,0.025,^STOXX
TPE.WA,Utilities,0.4123,-0.543,0.4688,0.6363,100.0,7.468879668049794,81.74273858921163,52.69709543568465,100.0,61.83,0.0,soft_flag,soft_flag,ok,target_band,PASS,PASS,PASS,PASS,PASS,GATE_PASS,PASSED,,41.23,-54.3,0.6363,2026-05-20,0.025,^STOXX
MBK.WA,Financials,,,,,,,,,,,,,,,,PASS,PASS,FAIL,DATA-INCOMPLETE,PASS,GATE_FAIL,EXCLUDED_GATE,G3:negative_cashflow,,,,2026-05-20,0.025,^STOXX
PEO.WA,Financials,,,,,,,,,,,,,,,,PASS,PASS,FAIL,DATA-INCOMPLETE,PASS,GATE_FAIL,EXCLUDED_GATE,G3:negative_cashflow,,,,2026-05-20,0.025,^STOXX
KGH.WA,Materials,0.4284,-0.5824,0.2008,1.5269,0.0,5.809128630705402,87.13692946058092,19.91701244813278,0.0,33.28,0.0,soft_flag,soft_flag,ok,aggressive,PASS,PASS,PASS,PASS,PASS,GATE_PASS,PASSED,,42.84,-58.24,1.5269,2026-05-20,0.025,^STOXX
GAW.L,Consumer Discretionary,0.3068,-0.5342,0.2483,0.9784,100.0,43.15352697095436,80.49792531120332,23.236514522821576,100.0,59.75,0.0,ok,soft_flag,ok,target_band,PASS,PASS,PASS,PASS,PASS,GATE_PASS,PASSED,,30.68,-53.42,0.9784,2026-05-20,0.025,^STOXX
CDR.WA,Communications,0.4145,-0.6232,0.154,0.8973,100.0,6.639004149377598,93.3609958506224,17.012448132780083,100.0,54.44,0.0,soft_flag,soft_flag,soft_flag,target_band,PASS,PASS,PASS,PASS,PASS,GATE_PASS,PASSED,,41.45,-62.32,0.8973,2026-05-20,0.025,^STOXX
CCH.L,Consumer Staples,0.2404,-0.4754,0.3094,0.7388,100.0,75.31120331950207,71.78423236514523,29.045643153526974,100.0,65.31,0.0,ok,soft_flag,ok,target_band,PASS,PASS,PASS,PASS,PASS,GATE_PASS,PASSED,,24.04,-47.54,0.7388,2026-05-20,0.025,^STOXX
MONC.MI,Consumer Discretionary,0.3225,-0.458,-0.0483,1.416,0.0,37.75933609958506,66.80497925311204,11.20331950207469,0.0,30.95,0.0,ok,soft_flag,hard_exclude,aggressive,PASS,PASS,PASS,PASS,PASS,GATE_PASS,EXCLUDED_METRIC,M03:sharpe<0,32.25,-45.8,1.416,2026-05-20,0.025,^STOXX
VALMT.HE,Industrials,0.3075,-0.4554,-0.2114,1.1387,50.0,42.323651452282164,65.56016597510373,5.394190871369295,50.0,39.75,0.0,ok,soft_flag,hard_exclude,elevated,PASS,PASS,PASS,PASS,PASS,GATE_PASS,EXCLUDED_METRIC,M03:sharpe<0,30.75,-45.54,1.1387,2026-05-20,0.025,^STOXX
GTT.PA,Energy,0.2812,-0.3331,0.7907,0.5748,75.0,57.261410788381745,32.365145228215766,88.79668049792531,75.0,62.8,0.0,ok,ok,ok,defensive,PASS,PASS,PASS,PASS,PASS,GATE_PASS,PASSED,,28.12,-33.31,0.5748,2026-05-20,0.025,^STOXX
SFZN.SW,Health Care,0.2975,-0.4137,-0.0853,0.914,100.0,47.30290456431535,56.43153526970954,9.12863070539419,100.0,49.13,0.0,ok,ok,hard_exclude,target_band,PASS,PASS,PASS,PASS,PASS,GATE_PASS,EXCLUDED_METRIC,M03:sharpe<0,29.75,-41.37,0.914,2026-05-20,0.025,^STOXX
ISS.CO,Industrials,0.285,-0.3798,0.5013,0.9767,100.0,54.77178423236514,46.058091286307054,57.26141078838174,100.0,61.95,0.0,ok,ok,ok,target_band,PASS,PASS,PASS,PASS,PASS,GATE_PASS,PASSED,,28.5,-37.98,0.9767,2026-05-20,0.025,^STOXX
PLUS.L,Financials,0.2396,-0.3404,0.8097,0.4498,75.0,75.93360995850622,34.43983402489627,90.04149377593362,75.0,67.53,0.0,ok,ok,ok,defensive,PASS,PASS,PASS,PASS,PASS,GATE_PASS,PASSED,,23.96,-34.04,0.4498,2026-05-20,0.025,^STOXX
AMUN.PA,Financials,0.2597,-0.4578,0.2344,1.3378,25.0,66.39004149377593,66.39004149377593,21.57676348547718,25.0,44.67,0.0,ok,soft_flag,ok,elevated_high,PASS,PASS,DATA-INCOMPLETE,PASS,PASS,REVIEW_REQUIRED,REVIEW_REQUIRED,,25.97,-45.78,1.3378,2026-05-20,0.025,^STOXX
ENX.PA,Financials,0.2099,-0.4009,0.4935,0.5931,75.0,87.96680497925311,53.52697095435685,56.43153526970954,75.0,65.58,0.0,ok,ok,ok,defensive,PASS,PASS,PASS,PASS,PASS,GATE_PASS,PASSED,,20.99,-40.09,0.5931,2026-05-20,0.025,^STOXX
IMCD.AS,Materials,0.3,-0.6413,-0.2524,1.051,100.0,46.058091286307054,94.60580912863071,3.7344398340248963,100.0,58.71,0.0,ok,soft_flag,hard_exclude,target_band,PASS,PASS,PASS,PASS,PASS,GATE_PASS,EXCLUDED_METRIC,M03:sharpe<0,30.0,-64.13,1.051,2026-05-20,0.025,^STOXX
NN.AS,Financials,,,,,,,,,,,,,,,,PASS,PASS,FAIL,PASS,PASS,GATE_FAIL,EXCLUDED_GATE,G3:negative_cashflow,,,,2026-05-20,0.025,^STOXX
FBK.MI,Financials,0.3046,-0.3639,0.334,1.3765,25.0,44.398340248962654,41.078838174273855,31.950207468879665,25.0,35.79,0.0,ok,ok,ok,elevated_high,PASS,PASS,DATA-INCOMPLETE,DATA-INCOMPLETE,PASS,REVIEW_REQUIRED,REVIEW_REQUIRED,,30.46,-36.39,1.3765,2026-05-20,0.025,^STOXX
ARGX.BR,Health Care,0.3839,-0.3926,0.5136,0.5487,75.0,12.448132780082986,50.62240663900415,58.50622406639005,75.0,50.23,0.0,soft_flag,ok,ok,defensive,PASS,PASS,DATA-INCOMPLETE,PASS,PASS,REVIEW_REQUIRED,REVIEW_REQUIRED,,38.39,-39.26,0.5487,2026-05-20,0.025,^STOXX
SPIE.PA,Industrials,0.2477,-0.2339,0.7164,0.9609,100.0,71.78423236514523,7.676348547717836,82.57261410788381,100.0,61.43,0.0,ok,ok,ok,target_band,PASS,PASS,PASS,PASS,PASS,GATE_PASS,PASSED,,24.77,-23.39,0.9609,2026-05-20,0.025,^STOXX
LIFCO-B.ST,Health Care,0.3037,-0.464,0.2914,1.304,25.0,45.22821576763485,70.12448132780082,26.970954356846473,25.0,43.17,0.0,ok,soft_flag,ok,elevated_high,PASS,PASS,PASS,PASS,PASS,GATE_PASS,PASSED,,30.37,-46.4,1.304,2026-05-20,0.025,^STOXX
UBSG.SW,Financials,0.2905,-0.3231,0.6806,1.391,25.0,50.62240663900415,29.045643153526967,78.00829875518673,25.0,47.24,0.0,ok,ok,ok,elevated_high,PASS,PASS,DATA-INCOMPLETE,DATA-INCOMPLETE,PASS,REVIEW_REQUIRED,REVIEW_REQUIRED,,29.05,-32.31,1.391,2026-05-20,0.025,^STOXX
AENA.MC,Industrials,0.2298,-0.333,0.4572,0.7835,100.0,79.66804979253112,31.95020746887967,51.867219917012456,100.0,61.08,0.0,ok,ok,ok,target_band,PASS,PASS,PASS,PASS,PASS,GATE_PASS,PASSED,,22.98,-33.3,0.7835,2026-05-20,0.025,^STOXX
ELIS.PA,Industrials,0.2736,-0.3762,0.3974,1.1329,50.0,60.995850622406635,45.0207468879668,41.90871369294606,50.0,48.28,0.0,ok,ok,ok,elevated,PASS,PASS,PASS,PASS,PASS,GATE_PASS,PASSED,,27.36,-37.62,1.1329,2026-05-20,0.025,^STOXX
CLNX.MC,Industrials,0.2799,-0.5897,-0.428,0.7796,100.0,57.67634854771784,88.79668049792531,0.8298755186721992,100.0,58.42,0.0,ok,soft_flag,hard_exclude,target_band,PASS,SOFT_FLAG,DATA-INCOMPLETE,PASS,PASS,REVIEW_REQUIRED,EXCLUDED_METRIC,M03:sharpe<0,27.99,-58.97,0.7796,2026-05-20,0.025,^STOXX
ZEG.L,Financials,,,,,,,,,,,,,,,,PASS,FAIL,PASS,SOFT_FLAG,PASS,GATE_FAIL,EXCLUDED_GATE,G2:negative_margins,,,,2026-05-20,0.025,^STOXX
PST.MI,Industrials,,,,,,,,,,,,,,,,PASS,PASS,DATA-INCOMPLETE,FAIL,PASS,GATE_FAIL,EXCLUDED_GATE,G4:excess_leverage,,,,2026-05-20,0.025,^STOXX
RACE.MI,Consumer Discretionary,0.2791,-0.4344,0.3095,1.0708,100.0,58.50622406639004,62.655601659751035,29.460580912863072,100.0,59.34,0.0,ok,ok,ok,target_band,PASS,PASS,PASS,PASS,PASS,GATE_PASS,PASSED,,27.91,-43.44,1.0708,2026-05-20,0.025,^STOXX
CAMX.ST,Health Care,0.4374,-0.4643,0.3742,0.8735,100.0,4.979253112033206,70.53941908713693,37.75933609958506,100.0,53.49,0.0,soft_flag,soft_flag,ok,target_band,PASS,PASS,PASS,PASS,PASS,GATE_PASS,PASSED,,43.74,-46.43,0.8735,2026-05-20,0.025,^STOXX
BMED.MI,Financials,0.2562,-0.3266,0.9454,1.2554,50.0,68.46473029045643,30.290456431535276,95.4356846473029,50.0,61.41,0.0,ok,ok,ok,elevated,PASS,PASS,DATA-INCOMPLETE,DATA-INCOMPLETE,PASS,REVIEW_REQUIRED,REVIEW_REQUIRED,,25.62,-32.66,1.2554,2026-05-20,0.025,^STOXX
VACN.SW,Industrials,0.3943,-0.5813,0.4085,1.6103,0.0,10.373443983402481,86.72199170124482,44.398340248962654,0.0,41.41,0.0,soft_flag,soft_flag,ok,aggressive,PASS,PASS,PASS,PASS,PASS,GATE_PASS,PASSED,,39.43,-58.13,1.6103,2026-05-20,0.025,^STOXX
ASRNL.AS,Financials,,,,,,,,,,,,,,,,PASS,PASS,FAIL,PASS,PASS,GATE_FAIL,EXCLUDED_GATE,G3:negative_cashflow,,,,2026-05-20,0.025,^STOXX
IG.MI,Utilities,0.203,-0.2604,0.7195,0.6315,100.0,90.04149377593362,13.278008298755182,82.98755186721992,100.0,66.89,0.0,ok,ok,ok,target_band,PASS,PASS,DATA-INCOMPLETE,SOFT_FLAG,PASS,REVIEW_REQUIRED,REVIEW_REQUIRED,,20.3,-26.04,0.6315,2026-05-20,0.025,^STOXX
BAMI.MI,Financials,0.3375,-0.3617,1.0851,1.3075,25.0,31.742738589211612,40.24896265560166,99.1701244813278,25.0,53.17,0.0,ok,ok,ok,elevated_high,PASS,PASS,DATA-INCOMPLETE,DATA-INCOMPLETE,PASS,REVIEW_REQUIRED,REVIEW_REQUIRED,,33.75,-36.17,1.3075,2026-05-20,0.025,^STOXX
GALE.SW,Health Care,0.1739,-0.1821,0.3542,0.2988,,96.2655601659751,1.6597510373444067,35.684647302904565,,45.46,1.0,ok,ok,ok,soft_flag_review,PASS,PASS,PASS,PASS,PASS,GATE_PASS,PASSED,,17.39,-18.21,0.2988,2026-05-20,0.025,^STOXX
ABVX.PA,Health Care,,,,,,,,,,,,,,,,PASS,FAIL,FAIL,PASS,PASS,GATE_FAIL,EXCLUDED_GATE,G2:negative_margins; G3:negative_cashflow,,,,2026-05-20,0.025,^STOXX
UNI.MC,Financials,0.3214,-0.2999,0.7748,1.0605,100.0,39.41908713692946,22.821576763485467,87.13692946058092,100.0,60.87,0.0,ok,ok,ok,target_band,PASS,PASS,DATA-INCOMPLETE,DATA-INCOMPLETE,PASS,REVIEW_REQUIRED,REVIEW_REQUIRED,,32.14,-29.99,1.0605,2026-05-20,0.025,^STOXX
BIRG.IR,Financials,,,,,,,,,,,,,,,,PASS,PASS,FAIL,DATA-INCOMPLETE,PASS,GATE_FAIL,EXCLUDED_GATE,G3:negative_cashflow,,,,2026-05-20,0.025,^STOXX
BG.VI,Financials,0.2881,-0.3103,1.0221,1.1765,50.0,52.4896265560166,26.141078838174266,97.9253112033195,50.0,57.72,0.0,ok,ok,ok,elevated,PASS,PASS,DATA-INCOMPLETE,DATA-INCOMPLETE,PASS,REVIEW_REQUIRED,REVIEW_REQUIRED,,28.81,-31.03,1.1765,2026-05-20,0.025,^STOXX
A5G.IR,Financials,0.3373,-0.3372,0.8541,1.1824,50.0,32.365145228215766,33.40248962655602,92.9460580912863,50.0,54.38,0.0,ok,ok,ok,elevated,PASS,PASS,PASS,DATA-INCOMPLETE,PASS,REVIEW_REQUIRED,REVIEW_REQUIRED,,33.73,-33.72,1.1824,2026-05-20,0.025,^STOXX
LPP.WA,Consumer Discretionary,0.4871,-0.5939,0.3338,1.1418,50.0,1.6597510373444067,89.2116182572614,31.327800829875518,50.0,46.49,0.0,soft_flag,soft_flag,ok,elevated,PASS,SOFT_FLAG,PASS,PASS,PASS,GATE_PASS,PASSED,,48.71,-59.39,1.1418,2026-05-20,0.025,^STOXX
BEZ.L,Financials,0.3272,-0.2682,0.8174,0.6913,100.0,35.684647302904565,16.182572614107883,90.45643153526972,100.0,59.13,0.0,ok,ok,ok,target_band,PASS,PASS,PASS,PASS,PASS,GATE_PASS,PASSED,,32.72,-26.82,0.6913,2026-05-20,0.025,^STOXX
BGEO.L,Financials,,,,,,,,,,,,,,,,PASS,FAIL,DATA-INCOMPLETE,DATA-INCOMPLETE,PASS,GATE_FAIL,EXCLUDED_GATE,G2:negative_margins,,,,2026-05-20,0.025,^STOXX
ING.WA,Financials,,,,,,,,,,,,,,,,PASS,PASS,FAIL,DATA-INCOMPLETE,PASS,GATE_FAIL,EXCLUDED_GATE,G3:negative_cashflow,,,,2026-05-20,0.025,^STOXX
SWEC-B.ST,Industrials,0.3379,-0.5039,-0.098,1.2065,50.0,31.120331950207472,75.93360995850622,8.29875518672199,50.0,41.49,0.0,ok,soft_flag,hard_exclude,elevated,PASS,PASS,PASS,PASS,PASS,GATE_PASS,EXCLUDED_METRIC,M03:sharpe<0,33.79,-50.39,1.2065,2026-05-20,0.025,^STOXX
AZA.ST,Financials,0.3748,-0.5689,0.1624,1.3703,25.0,15.352697095435687,85.47717842323651,18.25726141078838,25.0,39.19,0.0,soft_flag,soft_flag,soft_flag,elevated_high,PASS,PASS,PASS,PASS,PASS,GATE_PASS,PASSED,,37.48,-56.89,1.3703,2026-05-20,0.025,^STOXX
NDA-FI.HE,Financials,,,,,,,,,,,,,,,,PASS,PASS,FAIL,DATA-INCOMPLETE,PASS,GATE_FAIL,EXCLUDED_GATE,G3:negative_cashflow,,,,2026-05-20,0.025,^STOXX
DPLM.L,Industrials,0.2941,-0.3762,0.4878,1.1533,50.0,48.962655601659755,45.0207468879668,56.016597510373444,50.0,50.1,0.0,ok,ok,ok,elevated,PASS,PASS,PASS,PASS,PASS,GATE_PASS,PASSED,,29.41,-37.62,1.1533,2026-05-20,0.025,^STOXX
BEIJ-B.ST,Industrials,0.3706,-0.4556,-0.0195,1.4443,0.0,17.01244813278008,65.97510373443984,12.863070539419086,0.0,27.05,0.0,soft_flag,soft_flag,hard_exclude,aggressive,PASS,PASS,PASS,PASS,PASS,GATE_PASS,EXCLUDED_METRIC,M03:sharpe<0,37.06,-45.56,1.4443,2026-05-20,0.025,^STOXX
LOTB.BR,Consumer Staples,0.2697,-0.4171,0.5447,0.5404,75.0,63.90041493775934,58.713692946058096,63.90041493775933,75.0,64.56,0.0,ok,ok,ok,defensive,PASS,PASS,PASS,PASS,PASS,GATE_PASS,PASSED,,26.97,-41.71,0.5404,2026-05-20,0.025,^STOXX
EMG.L,Financials,0.2963,-0.4596,0.2597,1.1365,50.0,47.717842323651446,68.04979253112033,24.481327800829874,50.0,47.3,0.0,ok,soft_flag,ok,elevated,PASS,PASS,PASS,PASS,PASS,GATE_PASS,PASSED,,29.63,-45.96,1.1365,2026-05-20,0.025,^STOXX
AAF.L,Communications,0.3554,-0.4689,0.7392,0.8811,100.0,22.614107883817425,70.95435684647302,83.81742738589212,100.0,70.95,0.0,soft_flag,soft_flag,ok,target_band,PASS,PASS,PASS,PASS,PASS,GATE_PASS,PASSED,,35.54,-46.89,0.8811,2026-05-20,0.025,^STOXX
MNG.L,Financials,0.2509,-0.3559,0.1109,1.0482,100.0,69.70954356846474,39.00414937759336,15.767634854771783,100.0,50.37,0.0,ok,ok,soft_flag,target_band,PASS,PASS,PASS,PASS,PASS,GATE_PASS,PASSED,,25.09,-35.59,1.0482,2026-05-20,0.025,^STOXX
ENR.DE,Industrials,0.5381,-0.7446,0.6568,1.5165,0.0,0.4149377593360981,98.34024896265561,75.93360995850622,0.0,52.37,0.0,soft_flag,hard_exclude,ok,aggressive,PASS,PASS,PASS,PASS,PASS,GATE_PASS,EXCLUDED_METRIC,M02:mdd<-70%,53.81,-74.46,1.5165,2026-05-20,0.025,^STOXX
SECT-B.ST,Health Care,0.381,-0.5401,0.3943,1.0241,100.0,14.52282157676349,81.32780082987551,41.49377593360996,100.0,59.75,0.0,soft_flag,soft_flag,ok,target_band,PASS,PASS,PASS,PASS,PASS,GATE_PASS,PASSED,,38.1,-54.01,1.0241,2026-05-20,0.025,^STOXX
SAVE.ST,Financials,0.3538,-0.4024,0.4539,1.3852,25.0,23.651452282157678,54.356846473029044,51.037344398340245,25.0,41.35,0.0,soft_flag,ok,ok,elevated_high,PASS,PASS,PASS,SOFT_FLAG,PASS,GATE_PASS,PASSED,,35.38,-40.24,1.3852,2026-05-20,0.025,^STOXX
TE.PA,Energy,0.3532,-0.4007,0.6211,0.9477,100.0,24.481327800829874,53.11203319502075,73.02904564315352,100.0,62.74,0.0,soft_flag,ok,ok,target_band,PASS,PASS,PASS,PASS,PASS,GATE_PASS,PASSED,,35.32,-40.07,0.9477,2026-05-20,0.025,^STOXX
TCAP.L,Financials,0.323,-0.5274,0.1509,0.9204,100.0,37.344398340248965,78.21576763485477,16.59751037344398,100.0,55.91,0.0,ok,soft_flag,soft_flag,target_band,PASS,PASS,PASS,PASS,PASS,GATE_PASS,PASSED,,32.3,-52.74,0.9204,2026-05-20,0.025,^STOXX
BFT.WA,Industrials,0.3806,-0.5323,0.8,0.6637,100.0,14.937759336099589,79.25311203319502,89.62655601659752,100.0,73.65,0.0,soft_flag,soft_flag,ok,target_band,PASS,PASS,PASS,PASS,PASS,GATE_PASS,PASSED,,38.06,-53.23,0.6637,2026-05-20,0.025,^STOXX
DNB.OL,Financials,,,,,,,,,,,,,,,,PASS,PASS,FAIL,DATA-INCOMPLETE,PASS,GATE_FAIL,EXCLUDED_GATE,G3:negative_cashflow,,,,2026-05-20,0.025,^STOXX
RILBA.CO,Financials,0.2404,-0.2143,0.6974,0.9865,100.0,75.31120331950207,4.979253112033206,79.66804979253112,100.0,60.46,0.0,ok,ok,ok,target_band,PASS,PASS,DATA-INCOMPLETE,DATA-INCOMPLETE,PASS,REVIEW_REQUIRED,REVIEW_REQUIRED,,24.04,-21.43,0.9865,2026-05-20,0.025,^STOXX
SHELL.AS,Energy,0.2468,-0.2148,0.7429,0.6317,100.0,72.19917012448133,5.394190871369304,85.06224066390041,100.0,61.58,0.0,ok,ok,ok,target_band,PASS,PASS,PASS,PASS,PASS,GATE_PASS,PASSED,,24.68,-21.48,0.6317,2026-05-20,0.025,^STOXX
SBNOR.OL,Financials,,,,,,,,,,,,,,,,FAIL,PASS,PASS,DATA-INCOMPLETE,PASS,GATE_FAIL,EXCLUDED_GATE,G1:insufficient_history(268 rows),,,,2026-05-20,0.025,^STOXX
TBCG.L,Financials,,,,,,,,,,,,,,,,PASS,FAIL,DATA-INCOMPLETE,DATA-INCOMPLETE,PASS,GATE_FAIL,EXCLUDED_GATE,G2:negative_margins,,,,2026-05-20,0.025,^STOXX
