column,company,value,mean,z_score,action
idBbCompany,Row 230,58076078.0,7292782.28,3.3,REVIEW — possible unit mismatch or data error
idBbCompany,Row 253,55130373.0,7292782.28,3.1,REVIEW — possible unit mismatch or data error
idBbCompany,Row 257,60238741.0,7292782.28,3.4,REVIEW — possible unit mismatch or data error
idBbCompany,Row 261,61564243.0,7292782.28,3.5,REVIEW — possible unit mismatch or data error
idBbCompany,Row 265,63087888.0,7292782.28,3.6,REVIEW — possible unit mismatch or data error
idBbCompany,Row 266,62068199.0,7292782.28,3.5,REVIEW — possible unit mismatch or data error
idBbCompany,Row 267,59600722.0,7292782.28,3.3,REVIEW — possible unit mismatch or data error
idBbCompany,Row 268,68938862.0,7292782.28,3.9,REVIEW — possible unit mismatch or data error
idBbCompany,Row 271,67149013.0,7292782.28,3.8,REVIEW — possible unit mismatch or data error
idBbCompany,Row 272,67612197.0,7292782.28,3.9,REVIEW — possible unit mismatch or data error
esgDisclosureScore,Row 273,18.73,53.75,-3.2,REVIEW — possible unit mismatch or data error
directCo2Emissions,Row 10,69490.0,7138.93,4.2,REVIEW — possible unit mismatch or data error
directCo2Emissions,Row 276,58000.0,7138.93,3.4,REVIEW — possible unit mismatch or data error
indirectCo2Emissions,Row 10,5060.0,399.25,4.3,REVIEW — possible unit mismatch or data error
totalCo2Emissions,Row 145,115000.0,9350.87,4.2,REVIEW — possible unit mismatch or data error
totalGhgEmissions,Row 5,89600.0,4313.48,5.3,REVIEW — possible unit mismatch or data error
totalGhgEmissions,Row 94,55880.0,4313.48,3.2,REVIEW — possible unit mismatch or data error
totalGhgEmissions,Row 145,126444.0,4313.48,7.5,REVIEW — possible unit mismatch or data error
totalGhgEmissions,Row 172,138600.0,4313.48,8.3,REVIEW — possible unit mismatch or data error
totalGhgEmissions,Row 276,69000.0,4313.48,4.0,REVIEW — possible unit mismatch or data error
scp3BusinessTravelEmissions,Row 95,12524.0,94.04,12.2,REVIEW — possible unit mismatch or data error
scopeOfDisclosure,Row 56,3.0,1.18,4.1,REVIEW — possible unit mismatch or data error
scopeOfDisclosure,Row 142,3.0,1.18,4.1,REVIEW — possible unit mismatch or data error
scope1_emissions_tco2e,Row 5,86900.0,3989.2,5.4,REVIEW — possible unit mismatch or data error
scope1_emissions_tco2e,Row 10,69500.0,3989.2,4.2,REVIEW — possible unit mismatch or data error
scope1_emissions_tco2e,Row 94,51570.0,3989.2,3.1,REVIEW — possible unit mismatch or data error
scope1_emissions_tco2e,Row 145,119428.0,3989.2,7.5,REVIEW — possible unit mismatch or data error
scope1_emissions_tco2e,Row 172,131100.0,3989.2,8.2,REVIEW — possible unit mismatch or data error
scope1_emissions_tco2e,Row 276,60000.0,3989.2,3.6,REVIEW — possible unit mismatch or data error
ghgScope2,Row 28,8400.0,546.72,4.2,REVIEW — possible unit mismatch or data error
ghgScope2,Row 40,19553.0,546.72,10.3,REVIEW — possible unit mismatch or data error
ghgScope2,Row 145,7016.04,546.72,3.5,REVIEW — possible unit mismatch or data error
ghgScope2,Row 172,7500.0,546.72,3.8,REVIEW — possible unit mismatch or data error
ghgScope2,Row 276,9000.0,546.72,4.6,REVIEW — possible unit mismatch or data error
ghgScope3,Row 13,457605.0,26427.23,3.8,REVIEW — possible unit mismatch or data error
ghgScope3,Row 28,553500.0,26427.23,4.7,REVIEW — possible unit mismatch or data error
ghgScope3,Row 54,391154.0,26427.23,3.2,REVIEW — possible unit mismatch or data error
ghgScope3,Row 276,1328890.0,26427.23,11.5,REVIEW — possible unit mismatch or data error
methaneEmissions,Row 22,82.14,10.74,3.4,REVIEW — possible unit mismatch or data error
carbonPerUnitOfProd,Row 159,3.0,0.52,3.5,REVIEW — possible unit mismatch or data error
carbon_intensity_tco2e_per_eur_m_revenue,Row 92,6439.03,550.15,3.9,REVIEW — possible unit mismatch or data error
totalGhgCo2Emissions,Row 5,89.6,4.48,5.2,REVIEW — possible unit mismatch or data error
totalGhgCo2Emissions,Row 10,74.55,4.48,4.3,REVIEW — possible unit mismatch or data error
totalGhgCo2Emissions,Row 94,55.88,4.48,3.1,REVIEW — possible unit mismatch or data error
totalGhgCo2Emissions,Row 145,126.44,4.48,7.5,REVIEW — possible unit mismatch or data error
totalGhgCo2Emissions,Row 172,138.6,4.48,8.2,REVIEW — possible unit mismatch or data error
totalGhgCo2Emissions,Row 276,69.0,4.48,3.9,REVIEW — possible unit mismatch or data error
scopeGhgCo2Emissions1,Row 5,86.9,3.83,5.5,REVIEW — possible unit mismatch or data error
scopeGhgCo2Emissions1,Row 10,69.5,3.83,4.4,REVIEW — possible unit mismatch or data error
scopeGhgCo2Emissions1,Row 94,51.57,3.83,3.2,REVIEW — possible unit mismatch or data error
scopeGhgCo2Emissions1,Row 145,119.43,3.83,7.7,REVIEW — possible unit mismatch or data error
scopeGhgCo2Emissions1,Row 172,131.1,3.83,8.5,REVIEW — possible unit mismatch or data error
scopeGhgCo2Emissions1,Row 276,60.0,3.83,3.7,REVIEW — possible unit mismatch or data error
scopeGhgCo2Emissions2,Row 28,8.4,0.54,4.3,REVIEW — possible unit mismatch or data error
scopeGhgCo2Emissions2,Row 40,19.55,0.54,10.5,REVIEW — possible unit mismatch or data error
scopeGhgCo2Emissions2,Row 145,7.02,0.54,3.6,REVIEW — possible unit mismatch or data error
scopeGhgCo2Emissions2,Row 172,7.5,0.54,3.8,REVIEW — possible unit mismatch or data error
scopeGhgCo2Emissions2,Row 276,9.0,0.54,4.7,REVIEW — possible unit mismatch or data error
totGhgCo2EmIntensPerSales,Row 5,3653.27,179.76,5.2,REVIEW — possible unit mismatch or data error
totGhgCo2EmIntensPerSales,Row 10,3982.39,179.76,5.7,REVIEW — possible unit mismatch or data error
totGhgCo2EmIntensPerSales,Row 92,6439.03,179.76,9.4,REVIEW — possible unit mismatch or data error
totGhgCo2EmIntensPerSales,Row 128,2777.69,179.76,3.9,REVIEW — possible unit mismatch or data error
totGhgCo2EmIntensPerSales,Row 145,4712.08,179.76,6.8,REVIEW — possible unit mismatch or data error
scopeGhgCo2EmIntensPerSles1,Row 5,3543.18,146.72,5.5,REVIEW — possible unit mismatch or data error
scopeGhgCo2EmIntensPerSles1,Row 10,3712.63,146.72,5.8,REVIEW — possible unit mismatch or data error
scopeGhgCo2EmIntensPerSles1,Row 92,5985.4,146.72,9.5,REVIEW — possible unit mismatch or data error
scopeGhgCo2EmIntensPerSles1,Row 128,2777.6,146.72,4.3,REVIEW — possible unit mismatch or data error
scopeGhgCo2EmIntensPerSles1,Row 145,4450.62,146.72,7.0,REVIEW — possible unit mismatch or data error
scopeGhgCo2EmIntensPerSles2,Row 40,837.93,31.14,8.1,REVIEW — possible unit mismatch or data error
scopeGhgCo2EmIntensPerSles2,Row 67,535.75,31.14,5.1,REVIEW — possible unit mismatch or data error
scopeGhgCo2EmIntensPerSles2,Row 92,453.63,31.14,4.3,REVIEW — possible unit mismatch or data error
scopeGhgCo2EmIntensPerSles2,Row 160,615.76,31.14,5.9,REVIEW — possible unit mismatch or data error
scopeGhgCo2EmIntensPerSles2,Row 162,654.31,31.14,6.3,REVIEW — possible unit mismatch or data error
scopeGhgCo2EmIntensPerSles2,Row 170,400.85,31.14,3.7,REVIEW — possible unit mismatch or data error
totGhgCo2EmIntensPerEnrgy,Row 67,115544.21,892.22,14.9,REVIEW — possible unit mismatch or data error
totGhgCo2EmIntensPerEmp,Row 128,26348.73,228.14,15.1,REVIEW — possible unit mismatch or data error
totGhgCo2EmIntensPerAst,Row 10,2211.45,82.26,6.8,REVIEW — possible unit mismatch or data error
totGhgCo2EmIntensPerAst,Row 92,3205.24,82.26,10.0,REVIEW — possible unit mismatch or data error
totGhgCo2EmIntensPerAst,Row 145,2111.45,82.26,6.5,REVIEW — possible unit mismatch or data error
totGhgCo2EmIntensPerAst,Row 172,1531.29,82.26,4.6,REVIEW — possible unit mismatch or data error
totGhgCo2EmIntPerGrFxdAst,Row 10,2635.86,186.56,5.3,REVIEW — possible unit mismatch or data error
totGhgCo2EmIntPerGrFxdAst,Row 92,2501.57,186.56,5.0,REVIEW — possible unit mismatch or data error
totGhgCo2EmIntPerGrFxdAst,Row 145,2646.71,186.56,5.3,REVIEW — possible unit mismatch or data error
totGhgCo2EmIntPerGrFxdAst,Row 160,2199.93,186.56,4.3,REVIEW — possible unit mismatch or data error
totGhgCo2EmIntPerGrFxdAst,Row 172,2512.74,186.56,5.0,REVIEW — possible unit mismatch or data error
totGhgCo2EmIntPerNtFxdAst,Row 5,4483.59,288.85,4.7,REVIEW — possible unit mismatch or data error
totGhgCo2EmIntPerNtFxdAst,Row 10,5469.23,288.85,5.8,REVIEW — possible unit mismatch or data error
totGhgCo2EmIntPerNtFxdAst,Row 92,7031.37,288.85,7.5,REVIEW — possible unit mismatch or data error
totGhgCo2EmIntPerNtFxdAst,Row 145,5173.65,288.85,5.5,REVIEW — possible unit mismatch or data error
totGhgCo2EmIntPerNtFxdAst,Row 160,5427.57,288.85,5.7,REVIEW — possible unit mismatch or data error
totGhgCo2EmIntPerNtFxdAst,Row 172,4608.48,288.85,4.8,REVIEW — possible unit mismatch or data error
ghgIntensityPerSales,Row 5,3653.27,145.9,7.2,REVIEW — possible unit mismatch or data error
ghgIntensityPerSales,Row 128,2777.69,145.9,5.4,REVIEW — possible unit mismatch or data error
ghgIntensityPerSales,Row 145,4712.08,145.9,9.3,REVIEW — possible unit mismatch or data error
ghgIntensityPerSales,Row 172,1810.08,145.9,3.4,REVIEW — possible unit mismatch or data error
ghgIntensityPerEmployee,Row 128,26348.73,224.43,14.6,REVIEW — possible unit mismatch or data error
co2IntensityPerEmployee,Row 92,2295.74,280.27,3.4,REVIEW — possible unit mismatch or data error
ghgIntensityPerAssets,Row 40,750.04,62.77,3.4,REVIEW — possible unit mismatch or data error
ghgIntensityPerAssets,Row 145,2111.45,62.77,10.1,REVIEW — possible unit mismatch or data error
ghgIntensityPerAssets,Row 172,1531.29,62.77,7.2,REVIEW — possible unit mismatch or data error
co2IntensityPerAssets,Row 92,3205.24,286.75,3.8,REVIEW — possible unit mismatch or data error
ghgScopeIntensityPerSales1,Row 5,3543.18,130.37,6.7,REVIEW — possible unit mismatch or data error
ghgScopeIntensityPerSales1,Row 10,3712.63,130.37,7.1,REVIEW — possible unit mismatch or data error
ghgScopeIntensityPerSales1,Row 128,2777.6,130.37,5.2,REVIEW — possible unit mismatch or data error
ghgScopeIntensityPerSales1,Row 145,4450.62,130.37,8.5,REVIEW — possible unit mismatch or data error
ghgScopeIntensityPerSales1,Row 172,1712.14,130.37,3.1,REVIEW — possible unit mismatch or data error
ghgScopeIntensityPerSales2,Row 40,837.93,29.65,8.3,REVIEW — possible unit mismatch or data error
ghgScopeIntensityPerSales2,Row 67,535.75,29.65,5.2,REVIEW — possible unit mismatch or data error
ghgScopeIntensityPerSales2,Row 160,615.76,29.65,6.0,REVIEW — possible unit mismatch or data error
ghgScopeIntensityPerSales2,Row 162,654.31,29.65,6.4,REVIEW — possible unit mismatch or data error
ghgScopeIntensityPerSales2,Row 170,400.85,29.65,3.8,REVIEW — possible unit mismatch or data error
travelEmissionsPerSales,Row 95,68.7,1.28,11.7,REVIEW — possible unit mismatch or data error
directSf6Emissions,Row 152,0.01,0.0,3.5,REVIEW — possible unit mismatch or data error
dirMethaneEmInCo2Equiv,Row 22,2300.0,309.4,3.4,REVIEW — possible unit mismatch or data error
dirHfcEmissionsInCo2Equiv,Row 111,293.55,25.0,4.0,REVIEW — possible unit mismatch or data error
dirSf6EmissionsInCo2Equiv,Row 152,263.0,35.53,3.4,REVIEW — possible unit mismatch or data error
noxEmissions,Row 0,889.0,39.31,6.7,REVIEW — possible unit mismatch or data error
noxEmissions,Row 237,544.65,39.31,4.0,REVIEW — possible unit mismatch or data error
so2Emissions,Row 173,106.03,8.78,5.0,REVIEW — possible unit mismatch or data error
vocEmissions,Row 146,87.0,8.29,3.9,REVIEW — possible unit mismatch or data error
vocEmissions,Row 237,74.57,8.29,3.3,REVIEW — possible unit mismatch or data error
particulateEmissions,Row 28,145.5,7.87,5.0,REVIEW — possible unit mismatch or data error
particulateEmissions,Row 237,101.97,7.87,3.4,REVIEW — possible unit mismatch or data error
sulphurOxideEmissions,Row 172,135.2,15.7,3.8,REVIEW — possible unit mismatch or data error
directNitrousOxideEmissions,Row 21,7.77,0.59,4.3,REVIEW — possible unit mismatch or data error
dirN2oEmInCo2Equiv,Row 21,2058.25,157.56,4.3,REVIEW — possible unit mismatch or data error
carbonOffsets,Row 276,6400.0,409.26,4.2,REVIEW — possible unit mismatch or data error
noxEmissionsPerSales,Row 237,231.34,5.21,7.8,REVIEW — possible unit mismatch or data error
soxEmissionsPerSles,Row 128,8.35,0.62,3.5,REVIEW — possible unit mismatch or data error
soxEmissionsPerSles,Row 237,15.49,0.62,6.8,REVIEW — possible unit mismatch or data error
energyConsumption,Row 5,262467.0,16672.87,4.4,REVIEW — possible unit mismatch or data error
energyConsumption,Row 40,194846.0,16672.87,3.2,REVIEW — possible unit mismatch or data error
energyConsumption,Row 94,349444.0,16672.87,6.0,REVIEW — possible unit mismatch or data error
energyConsumption,Row 172,440750.0,16672.87,7.6,REVIEW — possible unit mismatch or data error
energyConsumption,Row 173,327157.0,16672.87,5.6,REVIEW — possible unit mismatch or data error
energyConsumption,Row 276,223000.0,16672.87,3.7,REVIEW — possible unit mismatch or data error
renewable_energy_pct,Row 28,35370.0,1411.01,7.0,REVIEW — possible unit mismatch or data error
renewable_energy_pct,Row 56,22642.2,1411.01,4.4,REVIEW — possible unit mismatch or data error
renewable_energy_pct,Row 119,32900.0,1411.01,6.5,REVIEW — possible unit mismatch or data error
electricityUsed,Row 40,37750.0,1566.1,7.2,REVIEW — possible unit mismatch or data error
electricityUsed,Row 54,27925.0,1566.1,5.2,REVIEW — possible unit mismatch or data error
electricityUsed,Row 56,36117.1,1566.1,6.9,REVIEW — possible unit mismatch or data error
electricityUsed,Row 119,18300.0,1566.1,3.3,REVIEW — possible unit mismatch or data error
electricityUsed,Row 145,16960.8,1566.1,3.1,REVIEW — possible unit mismatch or data error
electricityUsed,Row 213,24448.6,1566.1,4.5,REVIEW — possible unit mismatch or data error
electricityUsed,Row 276,20000.0,1566.1,3.7,REVIEW — possible unit mismatch or data error
natGasUsed,Row 21,16855900.0,740321.65,6.1,REVIEW — possible unit mismatch or data error
natGasUsed,Row 54,11371600.0,740321.65,4.0,REVIEW — possible unit mismatch or data error
natGasUsed,Row 94,14667200.0,740321.65,5.2,REVIEW — possible unit mismatch or data error
natGasUsed,Row 139,11402800.0,740321.65,4.0,REVIEW — possible unit mismatch or data error
natGasUsed,Row 173,11455600.0,740321.65,4.0,REVIEW — possible unit mismatch or data error
oilDieselUsed,Row 0,12856.6,247.84,10.2,REVIEW — possible unit mismatch or data error
oilDieselUsed,Row 59,3967.2,247.84,3.0,REVIEW — possible unit mismatch or data error
energyPerUnitProduction,Row 17,160.0,16.5,3.5,REVIEW — possible unit mismatch or data error
energyIntensityPerSales,Row 5,10701.58,600.8,6.2,REVIEW — possible unit mismatch or data error
energyIntensityPerSales,Row 40,8350.02,600.8,4.7,REVIEW — possible unit mismatch or data error
energyIntensityPerSales,Row 57,5704.1,600.8,3.1,REVIEW — possible unit mismatch or data error
energyIntensityPerSales,Row 92,9320.16,600.8,5.3,REVIEW — possible unit mismatch or data error
energyIntensityPerSales,Row 128,9527.02,600.8,5.5,REVIEW — possible unit mismatch or data error
energyIntensityPerSales,Row 145,6690.28,600.8,3.7,REVIEW — possible unit mismatch or data error
energyIntensityPerSales,Row 172,5756.1,600.8,3.2,REVIEW — possible unit mismatch or data error
energyIntensityPerSales,Row 173,5653.7,600.8,3.1,REVIEW — possible unit mismatch or data error
energyIntensityPerEbitda,Row 5,83721.53,3933.76,8.0,REVIEW — possible unit mismatch or data error
energyIntensityPerEbitda,Row 92,40411.93,3933.76,3.6,REVIEW — possible unit mismatch or data error
energyIntensityPerEbitda,Row 119,35476.99,3933.76,3.1,REVIEW — possible unit mismatch or data error
energyIntensityPerEbitda,Row 128,44237.03,3933.76,4.0,REVIEW — possible unit mismatch or data error
energyIntensityPerEmployee,Row 128,90371.77,858.43,15.0,REVIEW — possible unit mismatch or data error
energyIntensityPerAssets,Row 10,2992.98,272.52,3.8,REVIEW — possible unit mismatch or data error
energyIntensityPerAssets,Row 40,4164.88,272.52,5.5,REVIEW — possible unit mismatch or data error
energyIntensityPerAssets,Row 57,2982.64,272.52,3.8,REVIEW — possible unit mismatch or data error
energyIntensityPerAssets,Row 92,4639.43,272.52,6.2,REVIEW — possible unit mismatch or data error
energyIntensityPerAssets,Row 145,2997.86,272.52,3.8,REVIEW — possible unit mismatch or data error
energyIntensityPerAssets,Row 172,4869.52,272.52,6.5,REVIEW — possible unit mismatch or data error
totalWaterUse,Row 23,23895600.0,568676.32,8.9,REVIEW — possible unit mismatch or data error
totalWaterUse,Row 94,15072600.0,568676.32,5.6,REVIEW — possible unit mismatch or data error
pctWaterRecycled,Row 28,22302.2,1331.96,3.9,REVIEW — possible unit mismatch or data error
dischargeToWater,Row 28,40000.0,2042.19,4.2,REVIEW — possible unit mismatch or data error
totalWaterDischarged,Row 23,23894900.0,1048054.16,6.2,REVIEW — possible unit mismatch or data error
totalWaterDischarged,Row 94,14968000.0,1048054.16,3.8,REVIEW — possible unit mismatch or data error
waterPerUnitOfProd,Row 21,434000.0,29159.57,3.6,REVIEW — possible unit mismatch or data error
municipalWaterUse,Row 119,849000.0,14952.65,8.9,REVIEW — possible unit mismatch or data error
codOfDischarges,Row 117,105.78,9.41,3.6,REVIEW — possible unit mismatch or data error
water_withdrawal_m3,Row 23,23895600.0,533770.67,9.3,REVIEW — possible unit mismatch or data error
water_withdrawal_m3,Row 94,15067500.0,533770.67,5.8,REVIEW — possible unit mismatch or data error
surfaceWaterWithdrawals,Row 23,23116600.0,612338.03,7.2,REVIEW — possible unit mismatch or data error
groundwaterWithdrawals,Row 119,1863000.0,48328.9,7.4,REVIEW — possible unit mismatch or data error
reclaimedWaterUse,Row 40,830000.0,59889.78,3.6,REVIEW — possible unit mismatch or data error
waterDischargePct,Row 60,56.75,3.35,4.0,REVIEW — possible unit mismatch or data error
waterUseWithdrawal,Row 23,23895.6,546.81,9.3,REVIEW — possible unit mismatch or data error
waterUseWithdrawal,Row 94,15072.6,546.81,5.8,REVIEW — possible unit mismatch or data error
h2oUseWthdrlIntensSales,Row 23,2775911.34,29706.3,12.0,REVIEW — possible unit mismatch or data error
h2oUseWthdrlIntensEmpl,Row 23,2222019.71,26205.87,11.7,REVIEW — possible unit mismatch or data error
h2oUseWthdrlIntensAssets,Row 23,927573.81,10904.76,11.8,REVIEW — possible unit mismatch or data error
waterIntensityPerSales,Row 23,2775911.34,31299.0,11.5,REVIEW — possible unit mismatch or data error
waterIntensityPerEmployee,Row 23,2222019.71,27609.05,11.3,REVIEW — possible unit mismatch or data error
waterIntensityPerAssets,Row 23,927573.81,11503.6,11.4,REVIEW — possible unit mismatch or data error
waterUsageEfficiencyRt,Row 102,-16853.28,-263.58,-7.3,REVIEW — possible unit mismatch or data error
hazardousWaste,Row 28,12106.0,157.18,10.9,REVIEW — possible unit mismatch or data error
totalWaste,Row 172,4491050.0,36747.48,12.9,REVIEW — possible unit mismatch or data error
wasteRecycled,Row 11,12140.0,512.69,5.5,REVIEW — possible unit mismatch or data error
wasteRecycled,Row 30,9328.16,512.69,4.2,REVIEW — possible unit mismatch or data error
wasteRecycled,Row 102,7394.06,512.69,3.2,REVIEW — possible unit mismatch or data error
wasteRecycled,Row 174,16582.6,512.69,7.6,REVIEW — possible unit mismatch or data error
paperConsumption,Row 114,47000.0,706.5,8.1,REVIEW — possible unit mismatch or data error
rawMatUsed,Row 145,533000.0,30168.97,5.1,REVIEW — possible unit mismatch or data error
wasteSentToLandfills,Row 218,118077.0,1534.33,8.9,REVIEW — possible unit mismatch or data error
paperRecycled,Row 255,13.17,1.33,4.3,REVIEW — possible unit mismatch or data error
wasteIntensityPerEmployee,Row 159,96569.42,1098.48,12.0,REVIEW — possible unit mismatch or data error
wasteIntensityPerEmployee,Row 172,28440.75,1098.48,3.4,REVIEW — possible unit mismatch or data error
wasteGeneratedPerAssets,Row 159,32125.72,720.19,6.3,REVIEW — possible unit mismatch or data error
wasteGeneratedPerAssets,Row 172,49618.28,720.19,9.9,REVIEW — possible unit mismatch or data error
wasteGeneratedPerAssets,Row 195,30248.29,720.19,6.0,REVIEW — possible unit mismatch or data error
wasteGeneratedPerSales,Row 159,74307.04,1255.97,8.6,REVIEW — possible unit mismatch or data error
wasteGeneratedPerSales,Row 172,58652.1,1255.97,6.7,REVIEW — possible unit mismatch or data error
wasteGeneratedPerSales,Row 195,64539.35,1255.97,7.4,REVIEW — possible unit mismatch or data error
paperConsumptionPerSales,Row 114,32962.77,492.31,8.1,REVIEW — possible unit mismatch or data error
numberSpills,Row 19,2235.0,158.52,4.3,REVIEW — possible unit mismatch or data error
numEnvironFines,Row 21,203.0,9.78,4.8,REVIEW — possible unit mismatch or data error
numEnvironFines,Row 94,243.0,9.78,5.9,REVIEW — possible unit mismatch or data error
environFinesAmt,Row 11,79.44,1.61,7.7,REVIEW — possible unit mismatch or data error
isoSites14001,Row 69,3889.0,183.72,6.2,REVIEW — possible unit mismatch or data error
investmentsInSustainability,Row 135,7200.0,430.34,4.4,REVIEW — possible unit mismatch or data error
numberEmployeesCsr,Row 13,311000.0,35708.44,4.8,REVIEW — possible unit mismatch or data error
numberEmployeesCsr,Row 32,354744.0,35708.44,5.6,REVIEW — possible unit mismatch or data error
numberEmployeesCsr,Row 41,413000.0,35708.44,6.6,REVIEW — possible unit mismatch or data error
numberEmployeesCsr,Row 51,216528.0,35708.44,3.1,REVIEW — possible unit mismatch or data error
numberEmployeesCsr,Row 84,224737.0,35708.44,3.3,REVIEW — possible unit mismatch or data error
numberEmployeesCsr,Row 226,354636.0,35708.44,5.6,REVIEW — possible unit mismatch or data error
numberOfPartTimeEmployees,Row 32,123521.0,5854.97,4.9,REVIEW — possible unit mismatch or data error
numberOfPartTimeEmployees,Row 41,256060.0,5854.97,10.4,REVIEW — possible unit mismatch or data error
numberOfPartTimeEmployees,Row 226,85113.0,5854.97,3.3,REVIEW — possible unit mismatch or data error
numberOfTemporaryEmployees,Row 15,16083.0,2278.69,3.0,REVIEW — possible unit mismatch or data error
numberOfTemporaryEmployees,Row 39,35392.0,2278.69,7.3,REVIEW — possible unit mismatch or data error
numberOfTemporaryEmployees,Row 69,16083.0,2278.69,3.0,REVIEW — possible unit mismatch or data error
numberOfTemporaryEmployees,Row 255,28693.0,2278.69,5.8,REVIEW — possible unit mismatch or data error
employee_turnover_pct,Row 11,38.1,13.32,3.4,REVIEW — possible unit mismatch or data error
employee_turnover_pct,Row 41,62.0,13.32,6.6,REVIEW — possible unit mismatch or data error
employee_turnover_pct,Row 255,43.57,13.32,4.1,REVIEW — possible unit mismatch or data error
employeeTrainingCost,Row 1,272.5,30.19,4.8,REVIEW — possible unit mismatch or data error
employeeTrainingCost,Row 13,205.0,30.19,3.5,REVIEW — possible unit mismatch or data error
totHrsSpentByFirmEmpTrain,Row 4,13021300.0,1160402.97,5.8,REVIEW — possible unit mismatch or data error
totHrsSpentByFirmEmpTrain,Row 13,8086000.0,1160402.97,3.4,REVIEW — possible unit mismatch or data error
totHrsSpentByFirmEmpTrain,Row 41,7400000.0,1160402.97,3.0,REVIEW — possible unit mismatch or data error
totHrsSpentByFirmEmpTrain,Row 83,14524700.0,1160402.97,6.5,REVIEW — possible unit mismatch or data error
trainingSpendPerEmployee,Row 1,16669.97,907.48,7.6,REVIEW — possible unit mismatch or data error
women_in_workforce_pct,Row 255,87.33,38.63,3.0,REVIEW — possible unit mismatch or data error
employeeAverageAge,Row 38,55.0,42.53,3.3,REVIEW — possible unit mismatch or data error
employeeAverageAge,Row 134,54.0,42.53,3.0,REVIEW — possible unit mismatch or data error
pctDisabledInWorkforce,Row 48,8.4,2.61,3.3,REVIEW — possible unit mismatch or data error
customerComplaints,Row 84,1283670.0,94203.22,5.1,REVIEW — possible unit mismatch or data error
communitySpendPctPretaxProfit,Row 55,39.87,1.41,9.1,REVIEW — possible unit mismatch or data error
communitySpendPctPretaxProfit,Row 272,15.0,1.41,3.2,REVIEW — possible unit mismatch or data error
communitySpendPctEbitda,Row 55,47.64,1.7,6.7,REVIEW — possible unit mismatch or data error
communitySpendPctEbitda,Row 122,31.72,1.7,4.4,REVIEW — possible unit mismatch or data error
communitySpendPctEquity,Row 55,11.12,0.29,8.9,REVIEW — possible unit mismatch or data error
communitySpendPctEquity,Row 122,6.14,0.29,4.8,REVIEW — possible unit mismatch or data error
suppliersAudited,Row 59,13272.0,1683.71,3.4,REVIEW — possible unit mismatch or data error
suppliersAudited,Row 141,12062.0,1683.71,3.0,REVIEW — possible unit mismatch or data error
supplierAuditsConducted,Row 255,14014.0,791.87,5.8,REVIEW — possible unit mismatch or data error
workAccidentsEmployees,Row 241,11214.0,301.75,9.6,REVIEW — possible unit mismatch or data error
lostTimeAccidents,Row 119,1089940.0,60879.71,5.6,REVIEW — possible unit mismatch or data error
lostTimePerEmployee,Row 57,45549.36,2645.56,5.3,REVIEW — possible unit mismatch or data error
fatalitiesContractors,Row 172,8.0,0.98,3.4,REVIEW — possible unit mismatch or data error
fatalitiesContractors,Row 173,12.0,0.98,5.4,REVIEW — possible unit mismatch or data error
fatalitiesContractors,Row 276,8.0,0.98,3.4,REVIEW — possible unit mismatch or data error
fatalitiesEmployees,Row 172,21.0,0.63,9.5,REVIEW — possible unit mismatch or data error
fatalitiesEmployees,Row 241,10.0,0.63,4.4,REVIEW — possible unit mismatch or data error
fatalitiesTotal,Row 172,29.0,1.73,7.1,REVIEW — possible unit mismatch or data error
fatalitiesTotal,Row 173,16.0,1.73,3.7,REVIEW — possible unit mismatch or data error
lostTimeIncidentRate,Row 102,3.3,0.59,3.7,REVIEW — possible unit mismatch or data error
lostTimeIncidentRate,Row 117,4.18,0.59,4.9,REVIEW — possible unit mismatch or data error
lostTimeIncidentRate,Row 238,3.16,0.59,3.5,REVIEW — possible unit mismatch or data error
work_related_injury_rate,Row 241,9.43,0.84,6.6,REVIEW — possible unit mismatch or data error
work_related_injury_rate,Row 248,5.67,0.84,3.7,REVIEW — possible unit mismatch or data error
work_related_injury_rate,Row 262,5.19,0.84,3.4,REVIEW — possible unit mismatch or data error
totalAccidentsContractors,Row 94,1056.0,120.48,3.7,REVIEW — possible unit mismatch or data error
lostTimeIncidentRtCntrctr,Row 17,1.82,0.4,3.1,REVIEW — possible unit mismatch or data error
totRecordableIncidRtCntrctr,Row 191,2.44,0.55,3.7,REVIEW — possible unit mismatch or data error
accidentsPerEmployees1000,Row 12,52.25,8.69,3.1,REVIEW — possible unit mismatch or data error
accidentsPerEmployees1000,Row 102,55.37,8.69,3.4,REVIEW — possible unit mismatch or data error
accidentsPerEmployees1000,Row 241,94.26,8.69,6.1,REVIEW — possible unit mismatch or data error
communitySpending,Row 122,2412.9,49.6,10.1,REVIEW — possible unit mismatch or data error
politicalDonations,Row 122,1.14,0.03,7.4,REVIEW — possible unit mismatch or data error
politicalDonations,Row 126,0.5,0.03,3.1,REVIEW — possible unit mismatch or data error
politicalDonations,Row 236,0.8,0.03,5.1,REVIEW — possible unit mismatch or data error
numberOfSites,Row 239,79291.0,1908.77,9.3,REVIEW — possible unit mismatch or data error
environmentalAcctgCost,Row 146,2195.0,336.03,3.1,REVIEW — possible unit mismatch or data error
sustnbleEsgAum,Row 130,2016000.0,210570.13,4.3,REVIEW — possible unit mismatch or data error
polDonationsPctPretaxProfit,Row 126,0.03,0.0,9.0,REVIEW — possible unit mismatch or data error
noxIntensityPerPowerGen,Row 139,49.49,5.31,3.3,REVIEW — possible unit mismatch or data error
so2SoxIntensityPerPowerGen,Row 139,18.76,1.86,3.4,REVIEW — possible unit mismatch or data error
sulphurDioxideSulphurOxideEm,Row 0,108.0,12.05,3.6,REVIEW — possible unit mismatch or data error
sulphurDioxideSulphurOxideEm,Row 172,135.2,12.05,4.6,REVIEW — possible unit mismatch or data error
sulphurDioxideSulphurOxideEm,Row 173,106.03,12.05,3.5,REVIEW — possible unit mismatch or data error
travelCo2PerEmployee,Row 95,160.65,1.42,12.2,REVIEW — possible unit mismatch or data error
ghgIntensityPerEnergy,Row 67,115544.21,948.66,14.3,REVIEW — possible unit mismatch or data error
ghgCo2IntensityPerPowerGen,Row 139,41470.59,3691.47,3.7,REVIEW — possible unit mismatch or data error
ghgIntensityPerPowerGen,Row 139,41470.59,3691.47,3.7,REVIEW — possible unit mismatch or data error
ghgScopeIntensPerPwrGen1,Row 139,40649.09,3402.54,3.8,REVIEW — possible unit mismatch or data error
co2EmMilMtUnderEuEts,Row 5,80.9,13.08,3.3,REVIEW — possible unit mismatch or data error
co2EmLesAllowMilMtUndEuEts,Row 5,-80.1,-9.41,-3.4,REVIEW — possible unit mismatch or data error
co2IntensityPerEnergyConsmd,Row 87,1374.32,281.43,3.5,REVIEW — possible unit mismatch or data error
hydroPctEnergyProduction,Row 17,93.72,19.17,3.1,REVIEW — possible unit mismatch or data error
biomassFuelUsePercentage,Row 18,58.26,5.26,4.6,REVIEW — possible unit mismatch or data error
windPctEnergyProduction,Row 102,78.78,14.15,3.3,REVIEW — possible unit mismatch or data error
selfGenRenewableElectricity,Row 28,33405.0,866.81,7.1,REVIEW — possible unit mismatch or data error
solarEnergyCapacity,Row 170,21785.0,2812.79,3.3,REVIEW — possible unit mismatch or data error
gasEnergyCapacity,Row 173,50000.0,8923.15,3.0,REVIEW — possible unit mismatch or data error
paperConsumptionPerEmployee,Row 114,6403.27,95.71,8.1,REVIEW — possible unit mismatch or data error
waterIntensityPerEnergy,Row 229,1864368.73,49023.84,6.3,REVIEW — possible unit mismatch or data error
waterIntensityPerEnergy,Row 244,2655846.55,49023.84,9.1,REVIEW — possible unit mismatch or data error
waterUsePerPowerGenerated,Row 139,1812119.68,219419.71,3.2,REVIEW — possible unit mismatch or data error
h2oUseWthdrlIntensEnrgConsm,Row 229,1864368.73,45887.88,6.6,REVIEW — possible unit mismatch or data error
h2oUseWthdrlIntensEnrgConsm,Row 244,2655846.55,45887.88,9.4,REVIEW — possible unit mismatch or data error
h2oUseWthdrlIntensPowerGen,Row 139,1812119.68,206417.9,3.3,REVIEW — possible unit mismatch or data error
freshwaterWithdrawals,Row 23,23116600.0,1181528.63,4.9,REVIEW — possible unit mismatch or data error
waterConsmptn,Row 28,598000.0,23365.57,7.8,REVIEW — possible unit mismatch or data error
rainwtrHarvstd,Row 145,15000.0,1200.42,3.8,REVIEW — possible unit mismatch or data error
totlWaterConsmptn,Row 57,2902900.0,117551.94,6.6,REVIEW — possible unit mismatch or data error
totlWaterConsmptn,Row 152,1386612.0,117551.94,3.0,REVIEW — possible unit mismatch or data error
gender_pay_gap_pct,Row 256,26300000.0,417513.0,7.8,REVIEW — possible unit mismatch or data error
pctGenderPayGapMidOthMgmt,Row 64,8.0,88.91,-4.6,REVIEW — possible unit mismatch or data error
pctGenderPayGapEmplExMgmt,Row 64,2.0,88.92,-3.6,REVIEW — possible unit mismatch or data error
amountOfSignfcntEnvrnmntlFines,Row 145,2.5,0.04,7.9,REVIEW — possible unit mismatch or data error
numberSignificantSpills,Row 102,46.0,3.71,4.6,REVIEW — possible unit mismatch or data error
amountOfSignfcntSpills,Row 72,3.67,0.17,4.8,REVIEW — possible unit mismatch or data error
lostTmIncidentRtWorkforce,Row 134,9.07,0.59,6.3,REVIEW — possible unit mismatch or data error
totRecrdblIncidRtWorkforce,Row 12,6.96,0.69,5.7,REVIEW — possible unit mismatch or data error
fatalitiesPerEmpl1000,Row 166,0.55,0.02,9.1,REVIEW — possible unit mismatch or data error
fatalitiesPerEmpl1000,Row 170,0.35,0.02,5.7,REVIEW — possible unit mismatch or data error
fatalitiesPerContractors1000,Row 221,0.68,0.08,3.0,REVIEW — possible unit mismatch or data error
numberOfContractors,Row 94,170397.0,18012.48,4.2,REVIEW — possible unit mismatch or data error
involuntaryTurnoverPct,Row 100,20.03,5.32,3.7,REVIEW — possible unit mismatch or data error
training_hours_per_employee,Row 4,125.67,25.78,3.6,REVIEW — possible unit mismatch or data error
training_hours_per_employee,Row 83,135.0,25.78,3.9,REVIEW — possible unit mismatch or data error
training_hours_per_employee,Row 244,281.17,25.78,9.1,REVIEW — possible unit mismatch or data error
scope2MktBasedGhgEmissions,Row 40,20829.0,531.2,9.3,REVIEW — possible unit mismatch or data error
scope2MktBasedGhgEmissions,Row 94,7110.0,531.2,3.0,REVIEW — possible unit mismatch or data error
scope2MktBasedGhgEmissions,Row 276,8000.0,531.2,3.4,REVIEW — possible unit mismatch or data error
totMktBasedGhgEmissions,Row 76,1114490.0,12122.98,11.4,REVIEW — possible unit mismatch or data error
totlMarktBasedCarbonDioxide,Row 117,7043.38,855.31,3.0,REVIEW — possible unit mismatch or data error
totFuelConsumed,Row 21,169433.0,17942.93,3.1,REVIEW — possible unit mismatch or data error
totFuelConsumed,Row 94,215346.0,17942.93,4.0,REVIEW — possible unit mismatch or data error
totFuelConsumed,Row 173,310475.0,17942.93,5.9,REVIEW — possible unit mismatch or data error
totFuelConsumed,Row 276,189535.0,17942.93,3.5,REVIEW — possible unit mismatch or data error
biomassFuelUsed,Row 173,13811.0,1280.71,3.5,REVIEW — possible unit mismatch or data error
selfGenrtdTotlEnrgy,Row 28,33405.0,1521.75,5.5,REVIEW — possible unit mismatch or data error
selfGenrtdTotlEnrgy,Row 139,28736.0,1521.75,4.7,REVIEW — possible unit mismatch or data error
selfGenrtdEnrgyNonRenwble,Row 139,28139.0,2295.78,3.8,REVIEW — possible unit mismatch or data error
nmfrEmployees,Row 159,103.0,15.27,3.3,REVIEW — possible unit mismatch or data error
occupationalDiseaseRtEmpl,Row 249,5.99,0.32,5.0,REVIEW — possible unit mismatch or data error
amtWasteIncinerated,Row 54,115.0,9.19,5.4,REVIEW — possible unit mismatch or data error
numberFinesBriberyAndCorrupt,Row 16,11.0,0.17,8.9,REVIEW — possible unit mismatch or data error
scope3PurchsdGoodsAndServcsEmissns,Row 276,147000.0,3550.73,9.9,REVIEW — possible unit mismatch or data error
scope3CapitlGoodsEmissns,Row 47,3914.96,477.73,3.9,REVIEW — possible unit mismatch or data error
scope3CapitlGoodsEmissns,Row 173,3822.53,477.73,3.8,REVIEW — possible unit mismatch or data error
scope3FuelAndEnrgyActvtsNotInScope1OrScope2Emissns,Row 276,138000.0,3678.56,8.4,REVIEW — possible unit mismatch or data error
scope3UpstrmTransprttnAndDistrbtnEmissns,Row 0,11118.0,712.44,5.0,REVIEW — possible unit mismatch or data error
scope3UpstrmTransprttnAndDistrbtnEmissns,Row 54,7600.0,712.44,3.3,REVIEW — possible unit mismatch or data error
scope3WasteGenrtdInOprtnsEmissns,Row 19,300.0,25.43,4.1,REVIEW — possible unit mismatch or data error
scope3WasteGenrtdInOprtnsEmissns,Row 79,427.17,25.43,6.0,REVIEW — possible unit mismatch or data error
scope3EmplyeeCommtngEmissns,Row 119,470.0,31.57,6.8,REVIEW — possible unit mismatch or data error
scope3UpstrmLeaseAsstsEmissns,Row 276,2300.0,180.17,4.1,REVIEW — possible unit mismatch or data error
scope3DwnstrmTransprttnAndDistrbtnEmissns,Row 88,6918.08,678.22,3.8,REVIEW — possible unit mismatch or data error
scope3DwnstrmTransprttnAndDistrbtnEmissns,Row 276,8000.0,678.22,4.5,REVIEW — possible unit mismatch or data error
scope3UseOfSoldProdctsEmissns,Row 276,1010390.0,66940.67,5.8,REVIEW — possible unit mismatch or data error
scope3EolTreatmntOfSoldProdctsEmissns,Row 276,19000.0,1425.77,4.3,REVIEW — possible unit mismatch or data error
scope3DwnstrmLeasdAsstsEmissns,Row 104,5247.25,639.02,3.4,REVIEW — possible unit mismatch or data error
scope3EmissnsFromInvstmnts,Row 150,147223.0,9429.48,4.2,REVIEW — possible unit mismatch or data error
scope3EmissnsOthr,Row 19,130000.0,2483.38,7.9,REVIEW — possible unit mismatch or data error
baselineYrGhgEmissionsTgt,Row 10,1990.0,2016.55,-5.0,REVIEW — possible unit mismatch or data error
baselineYrGhgEmissionsTgt,Row 132,1991.0,2016.55,-4.8,REVIEW — possible unit mismatch or data error
baselineYrGhgEmissionsTgt,Row 152,1990.0,2016.55,-5.0,REVIEW — possible unit mismatch or data error
tgtYrGhgEmissionsTgt,Row 39,2050.0,2029.31,3.6,REVIEW — possible unit mismatch or data error
tgtYrGhgEmissionsTgt,Row 145,2050.0,2029.31,3.6,REVIEW — possible unit mismatch or data error
tgtYrGhgEmissionsTgt,Row 169,2050.0,2029.31,3.6,REVIEW — possible unit mismatch or data error
tgtYrGhgEmissionsTgt,Row 179,2050.0,2029.31,3.6,REVIEW — possible unit mismatch or data error
tgtYrGhgEmissionsTgt,Row 276,2050.0,2029.31,3.6,REVIEW — possible unit mismatch or data error
govnceDisclosureScore,Row 82,45.88,83.65,-3.0,REVIEW — possible unit mismatch or data error
govnceDisclosureScore,Row 137,43.47,83.65,-3.2,REVIEW — possible unit mismatch or data error
govnceDisclosureScore,Row 164,45.7,83.65,-3.0,REVIEW — possible unit mismatch or data error
govnceDisclosureScore,Row 196,33.35,83.65,-4.0,REVIEW — possible unit mismatch or data error
govnceDisclosureScore,Row 217,40.55,83.65,-3.4,REVIEW — possible unit mismatch or data error
govnceDisclosureScore,Row 273,23.03,83.65,-4.8,REVIEW — possible unit mismatch or data error
govnceDisclosureScore,Row 277,41.54,83.65,-3.4,REVIEW — possible unit mismatch or data error
ceo_pay_ratio,Row 193,2003000000.0,14817285.59,16.0,REVIEW — possible unit mismatch or data error
totSalariesPaidToCeoAndEquiv,Row 0,18000000.0,2575389.0,3.9,REVIEW — possible unit mismatch or data error
totSalariesPaidToCeoAndEquiv,Row 29,16308335.0,2575389.0,3.5,REVIEW — possible unit mismatch or data error
totSalariesPaidToCeoAndEquiv,Row 53,27870000.0,2575389.0,6.4,REVIEW — possible unit mismatch or data error
totSalariesPaidToCeoAndEquiv,Row 95,15200000.0,2575389.0,3.2,REVIEW — possible unit mismatch or data error
totSalariesPaidToCeoAndEquiv,Row 107,16500000.0,2575389.0,3.5,REVIEW — possible unit mismatch or data error
totSalariesPaidToCeoAndEquiv,Row 235,22476000.0,2575389.0,5.0,REVIEW — possible unit mismatch or data error
totBonusesPaidToCeoAndEquiv,Row 0,17100000.0,1704132.87,6.4,REVIEW — possible unit mismatch or data error
totBonusesPaidToCeoAndEquiv,Row 29,14157306.0,1704132.87,5.2,REVIEW — possible unit mismatch or data error
totBonusesPaidToCeoAndEquiv,Row 107,13200000.0,1704132.87,4.8,REVIEW — possible unit mismatch or data error
totBonusesPaidToCeoAndEquiv,Row 116,8956000.0,1704132.87,3.0,REVIEW — possible unit mismatch or data error
totBonusesPaidToCeoAndEquiv,Row 175,10403000.0,1704132.87,3.6,REVIEW — possible unit mismatch or data error
totBonusesPaidToCeoAndEquiv,Row 235,17981000.0,1704132.87,6.8,REVIEW — possible unit mismatch or data error
allOtherCompAwToCeoAndEquiv,Row 193,2001004000.0,10641914.27,16.0,REVIEW — possible unit mismatch or data error
totStkAwdGivenToCeoAndEquiv,Row 62,11165000.0,1991121.58,3.0,REVIEW — possible unit mismatch or data error
totStkAwdGivenToCeoAndEquiv,Row 175,18734000.0,1991121.58,5.6,REVIEW — possible unit mismatch or data error
totStkAwdGivenToCeoAndEquiv,Row 206,28448000.0,1991121.58,8.8,REVIEW — possible unit mismatch or data error
totOptAwdGivenToCeoAndEquiv,Row 147,5757423.0,756046.72,3.3,REVIEW — possible unit mismatch or data error
tPenAndNqDefPenGvnCeoAndEq,Row 142,23882000.0,979993.47,9.4,REVIEW — possible unit mismatch or data error
tPenAndNqDefPenGvnCeoAndEq,Row 235,13424000.0,979993.47,5.1,REVIEW — possible unit mismatch or data error
totOtherCompAwToCeoAndEquiv,Row 30,79789000.0,605748.42,15.0,REVIEW — possible unit mismatch or data error
totSalAndBnsAwToCeoAndEquiv,Row 0,35100000.0,4175371.33,5.4,REVIEW — possible unit mismatch or data error
totSalAndBnsAwToCeoAndEquiv,Row 29,30465641.0,4175371.33,4.6,REVIEW — possible unit mismatch or data error
totSalAndBnsAwToCeoAndEquiv,Row 53,29800000.0,4175371.33,4.5,REVIEW — possible unit mismatch or data error
totSalAndBnsAwToCeoAndEquiv,Row 77,22343454.0,4175371.33,3.2,REVIEW — possible unit mismatch or data error
totSalAndBnsAwToCeoAndEquiv,Row 107,29700000.0,4175371.33,4.5,REVIEW — possible unit mismatch or data error
totSalAndBnsAwToCeoAndEquiv,Row 235,40457000.0,4175371.33,6.4,REVIEW — possible unit mismatch or data error
totCompAwToCfoAndEquiv,Row 0,28630000.0,3499975.3,5.8,REVIEW — possible unit mismatch or data error
totCompAwToCfoAndEquiv,Row 95,18400000.0,3499975.3,3.4,REVIEW — possible unit mismatch or data error
totCompAwToCfoAndEquiv,Row 161,22960000.0,3499975.3,4.5,REVIEW — possible unit mismatch or data error
totCompAwToCfoAndEquiv,Row 274,17775000.0,3499975.3,3.3,REVIEW — possible unit mismatch or data error
totSalariesPaidToCfoAndEquiv,Row 0,10000000.0,1262108.36,4.4,REVIEW — possible unit mismatch or data error
totSalariesPaidToCfoAndEquiv,Row 53,8500000.0,1262108.36,3.6,REVIEW — possible unit mismatch or data error
totSalariesPaidToCfoAndEquiv,Row 95,12400000.0,1262108.36,5.6,REVIEW — possible unit mismatch or data error
totSalariesPaidToCfoAndEquiv,Row 274,10617000.0,1262108.36,4.7,REVIEW — possible unit mismatch or data error
totBonusesPaidToCfoAndEquiv,Row 0,9500000.0,827320.68,8.1,REVIEW — possible unit mismatch or data error
allOtherCompAwToCfoAndEquiv,Row 0,9130000.0,1466483.02,3.2,REVIEW — possible unit mismatch or data error
allOtherCompAwToCfoAndEquiv,Row 161,19943000.0,1466483.02,7.8,REVIEW — possible unit mismatch or data error
allOtherCompAwToCfoAndEquiv,Row 206,8914000.0,1466483.02,3.1,REVIEW — possible unit mismatch or data error
totSalAndBnsAwToCfoAndEquiv,Row 0,19500000.0,2033492.27,6.7,REVIEW — possible unit mismatch or data error
totSalAndBnsAwToCfoAndEquiv,Row 95,12400000.0,2033492.27,4.0,REVIEW — possible unit mismatch or data error
totSalAndBnsAwToCfoAndEquiv,Row 274,13340000.0,2033492.27,4.3,REVIEW — possible unit mismatch or data error
totCompAwToCooAndEquiv,Row 95,17100000.0,2977150.76,4.1,REVIEW — possible unit mismatch or data error
totCompensationAwToExecs,Row 193,2903000000.0,31809776.61,16.2,REVIEW — possible unit mismatch or data error
totSalariesPaidToExecutives,Row 0,59580000.0,8800725.44,3.2,REVIEW — possible unit mismatch or data error
totSalariesPaidToExecutives,Row 1,90800985.0,8800725.44,5.2,REVIEW — possible unit mismatch or data error
totSalariesPaidToExecutives,Row 29,111546898.0,8800725.44,6.5,REVIEW — possible unit mismatch or data error
totSalariesPaidToExecutives,Row 53,75690000.0,8800725.44,4.2,REVIEW — possible unit mismatch or data error
totSalariesPaidToExecutives,Row 77,59283332.0,8800725.44,3.2,REVIEW — possible unit mismatch or data error
totSalariesPaidToExecutives,Row 130,77024000.0,8800725.44,4.3,REVIEW — possible unit mismatch or data error
totSalariesPaidToExecutives,Row 175,58759000.0,8800725.44,3.2,REVIEW — possible unit mismatch or data error
totSalariesPaidToExecutives,Row 274,57477000.0,8800725.44,3.1,REVIEW — possible unit mismatch or data error
totalBonusesPaidToExecutives,Row 0,55620000.0,4663972.34,6.3,REVIEW — possible unit mismatch or data error
totalBonusesPaidToExecutives,Row 29,77889953.0,4663972.34,9.0,REVIEW — possible unit mismatch or data error
totalBonusesPaidToExecutives,Row 175,34643000.0,4663972.34,3.7,REVIEW — possible unit mismatch or data error
totalBonusesPaidToExecutives,Row 197,32860000.0,4663972.34,3.5,REVIEW — possible unit mismatch or data error
totalBonusesPaidToExecutives,Row 235,30267000.0,4663972.34,3.1,REVIEW — possible unit mismatch or data error
allOtherCompAwToExecs,Row 193,2900115000.0,18581812.03,16.4,REVIEW — possible unit mismatch or data error
totStkAwardsGivenToExecs,Row 29,60433151.0,5017314.89,5.9,REVIEW — possible unit mismatch or data error
totStkAwardsGivenToExecs,Row 175,59131000.0,5017314.89,5.7,REVIEW — possible unit mismatch or data error
totStkAwardsGivenToExecs,Row 206,70847000.0,5017314.89,7.0,REVIEW — possible unit mismatch or data error
totStkAwardsGivenToExecs,Row 236,63800000.0,5017314.89,6.2,REVIEW — possible unit mismatch or data error
totOptionAwardsGivenToExecs,Row 147,25588219.0,2245448.67,4.3,REVIEW — possible unit mismatch or data error
totNonEqtyIncentGivenToExecs,Row 58,3680600.0,599152.69,3.1,REVIEW — possible unit mismatch or data error
tPenAndNqDefPenGvnToExecs,Row 29,38044393.0,3407960.67,3.9,REVIEW — possible unit mismatch or data error
tPenAndNqDefPenGvnToExecs,Row 142,36066000.0,3407960.67,3.7,REVIEW — possible unit mismatch or data error
tPenAndNqDefPenGvnToExecs,Row 161,93442000.0,3407960.67,10.1,REVIEW — possible unit mismatch or data error
totOtherCompAwToExecs,Row 29,19787271.0,1387355.93,3.3,REVIEW — possible unit mismatch or data error
totOtherCompAwToExecs,Row 30,79789000.0,1387355.93,13.9,REVIEW — possible unit mismatch or data error
totOtherCompAwToExecs,Row 47,18667000.0,1387355.93,3.1,REVIEW — possible unit mismatch or data error
totSalariesAndBnsPdToExecs,Row 0,115200000.0,13102224.66,4.7,REVIEW — possible unit mismatch or data error
totSalariesAndBnsPdToExecs,Row 1,90800985.0,13102224.66,3.6,REVIEW — possible unit mismatch or data error
totSalariesAndBnsPdToExecs,Row 29,189436851.0,13102224.66,8.2,REVIEW — possible unit mismatch or data error
totSalariesAndBnsPdToExecs,Row 53,80670000.0,13102224.66,3.1,REVIEW — possible unit mismatch or data error
totSalariesAndBnsPdToExecs,Row 77,85283978.0,13102224.66,3.3,REVIEW — possible unit mismatch or data error
totSalariesAndBnsPdToExecs,Row 175,93402000.0,13102224.66,3.7,REVIEW — possible unit mismatch or data error
numCeoAndEquivIncCompPdDurFy,Row 125,3.0,1.13,4.5,REVIEW — possible unit mismatch or data error
numCeoAndEquivIncCompPdDurFy,Row 164,5.0,1.13,9.3,REVIEW — possible unit mismatch or data error
numExecutivesIncCompPdDurFy,Row 4,21.0,5.2,3.6,REVIEW — possible unit mismatch or data error
numExecutivesIncCompPdDurFy,Row 251,25.0,5.2,4.6,REVIEW — possible unit mismatch or data error
totalBodCompensationAwarded,Row 0,18810000.0,2633210.85,5.2,REVIEW — possible unit mismatch or data error
totalBodCompensationAwarded,Row 29,19269000.0,2633210.85,5.3,REVIEW — possible unit mismatch or data error
totalBodCompensationAwarded,Row 43,16310000.0,2633210.85,4.4,REVIEW — possible unit mismatch or data error
totalBodCompensationAwarded,Row 53,15536000.0,2633210.85,4.1,REVIEW — possible unit mismatch or data error
totalBodCompensationAwarded,Row 62,12205000.0,2633210.85,3.1,REVIEW — possible unit mismatch or data error
totalBodCompensationAwarded,Row 107,15816000.0,2633210.85,4.2,REVIEW — possible unit mismatch or data error
totalBodCompensationAwarded,Row 130,14864000.0,2633210.85,3.9,REVIEW — possible unit mismatch or data error
totalBodCompensationAwarded,Row 236,12124913.0,2633210.85,3.0,REVIEW — possible unit mismatch or data error
totalBodFeesPaidInCash,Row 0,18810000.0,2341570.11,5.7,REVIEW — possible unit mismatch or data error
totalBodFeesPaidInCash,Row 1,11860000.0,2341570.11,3.3,REVIEW — possible unit mismatch or data error
totalBodFeesPaidInCash,Row 29,19269000.0,2341570.11,5.9,REVIEW — possible unit mismatch or data error
totalBodFeesPaidInCash,Row 43,16310000.0,2341570.11,4.9,REVIEW — possible unit mismatch or data error
totalBodFeesPaidInCash,Row 53,15463000.0,2341570.11,4.6,REVIEW — possible unit mismatch or data error
totalBodFeesPaidInCash,Row 130,14864000.0,2341570.11,4.4,REVIEW — possible unit mismatch or data error
totalBodStockAwardsGiven,Row 107,9772000.0,1259989.35,4.0,REVIEW — possible unit mismatch or data error
totalBodStockAwardsGiven,Row 206,8310000.0,1259989.35,3.3,REVIEW — possible unit mismatch or data error
numDirectorsIncCompPdDurFy,Row 5,28.0,11.09,3.9,REVIEW — possible unit mismatch or data error
numDirectorsIncCompPdDurFy,Row 7,25.0,11.09,3.2,REVIEW — possible unit mismatch or data error
numDirectorsIncCompPdDurFy,Row 150,27.0,11.09,3.7,REVIEW — possible unit mismatch or data error
numDirectorsIncCompPdDurFy,Row 202,26.0,11.09,3.4,REVIEW — possible unit mismatch or data error
averageBodTotalCompensation,Row 0,1710000.0,254640.74,4.7,REVIEW — possible unit mismatch or data error
averageBodTotalCompensation,Row 1,1482500.0,254640.74,3.9,REVIEW — possible unit mismatch or data error
averageBodTotalCompensation,Row 29,1376357.0,254640.74,3.6,REVIEW — possible unit mismatch or data error
averageBodTotalCompensation,Row 43,1482727.0,254640.74,3.9,REVIEW — possible unit mismatch or data error
averageBodTotalCompensation,Row 53,1195077.0,254640.74,3.0,REVIEW — possible unit mismatch or data error
averageBodTotalCompensation,Row 62,1220500.0,254640.74,3.1,REVIEW — possible unit mismatch or data error
averageBodTotalCompensation,Row 77,1204429.0,254640.74,3.0,REVIEW — possible unit mismatch or data error
averageBodTotalCompensation,Row 107,2259429.0,254640.74,6.4,REVIEW — possible unit mismatch or data error
averageBodTotalCompensation,Row 130,1238667.0,254640.74,3.2,REVIEW — possible unit mismatch or data error
avgExecutiveTotCompensation,Row 193,1451500000.0,9708303.84,15.7,REVIEW — possible unit mismatch or data error
avgExecSalaryPlusBonusAmt,Row 0,19200000.0,2227284.62,7.2,REVIEW — possible unit mismatch or data error
avgExecSalaryPlusBonusAmt,Row 29,12629123.0,2227284.62,4.4,REVIEW — possible unit mismatch or data error
avgExecSalaryPlusBonusAmt,Row 235,15401750.0,2227284.62,5.6,REVIEW — possible unit mismatch or data error
totExecPayAsPctTotPsnlExp,Row 193,436.86,3.49,15.8,REVIEW — possible unit mismatch or data error
totExecPayAsPctSgandaNetRandd,Row 193,503.04,4.49,12.6,REVIEW — possible unit mismatch or data error
totalExecPayAsPctOpex,Row 108,1040.0,6.71,15.2,REVIEW — possible unit mismatch or data error
totalExecPayAsPctOpex,Row 193,422.2,6.71,6.1,REVIEW — possible unit mismatch or data error
feesPdToCompConsultants,Row 28,365777.0,110449.41,3.3,REVIEW — possible unit mismatch or data error
pctOfIndDirectorsOnCompCmte,Row 121,0.0,81.81,-3.6,REVIEW — possible unit mismatch or data error
pctOfIndDirectorsOnCompCmte,Row 138,0.0,81.81,-3.6,REVIEW — possible unit mismatch or data error
pctOfIndDirectorsOnCompCmte,Row 263,0.0,81.81,-3.6,REVIEW — possible unit mismatch or data error
numOfCompensationCommitteeMtg,Row 4,20.0,5.89,3.8,REVIEW — possible unit mismatch or data error
numOfCompensationCommitteeMtg,Row 44,17.0,5.89,3.0,REVIEW — possible unit mismatch or data error
numOfCompensationCommitteeMtg,Row 202,28.0,5.89,6.0,REVIEW — possible unit mismatch or data error
numOfCompensationCommitteeMtg,Row 248,26.0,5.89,5.5,REVIEW — possible unit mismatch or data error
compensationCmteMtgAttendPct,Row 12,80.0,97.91,-4.3,REVIEW — possible unit mismatch or data error
compensationCmteMtgAttendPct,Row 58,80.0,97.91,-4.3,REVIEW — possible unit mismatch or data error
compensationCmteMtgAttendPct,Row 160,83.87,97.91,-3.4,REVIEW — possible unit mismatch or data error
compensationCmteMtgAttendPct,Row 174,75.0,97.91,-5.5,REVIEW — possible unit mismatch or data error
compensationCmteMtgAttendPct,Row 197,75.0,97.91,-5.5,REVIEW — possible unit mismatch or data error
execCompAdvFeesPdToComAdv,Row 28,365777.0,100745.92,3.5,REVIEW — possible unit mismatch or data error
pctOfCompAdvFeesPdToComAdv,Row 115,7.63,95.16,-4.7,REVIEW — possible unit mismatch or data error
sayPayNumberOfVotesFor,Row 242,167339008.0,1047392.53,12.6,REVIEW — possible unit mismatch or data error
sayPayNumberOfVotesAgainst,Row 242,41283200.0,258130.78,12.6,REVIEW — possible unit mismatch or data error
sayPaySupportLevel,Row 46,22.47,89.68,-5.9,REVIEW — possible unit mismatch or data error
sayPaySupportLevel,Row 129,50.0,89.68,-3.5,REVIEW — possible unit mismatch or data error
sayPaySupportLevel,Row 233,51.91,89.68,-3.3,REVIEW — possible unit mismatch or data error
sayOnPayNumberVotesAbstain,Row 242,2455900.0,17560.95,11.7,REVIEW — possible unit mismatch or data error
numOfCeoAndEquivChngDurFy,Row 16,2.0,0.17,4.5,REVIEW — possible unit mismatch or data error
numOfCeoAndEquivChngDurFy,Row 125,2.0,0.17,4.5,REVIEW — possible unit mismatch or data error
numOfCeoAndEquivChngDurFy,Row 211,2.0,0.17,4.5,REVIEW — possible unit mismatch or data error
numOfCeoAndEquivChngDurFy,Row 251,2.0,0.17,4.5,REVIEW — possible unit mismatch or data error
numOfExecutiveChangesDuringFy,Row 28,8.0,0.96,3.9,REVIEW — possible unit mismatch or data error
numOfExecutiveChangesDuringFy,Row 147,7.0,0.96,3.4,REVIEW — possible unit mismatch or data error
numOfExecutiveChangesDuringFy,Row 161,8.0,0.96,3.9,REVIEW — possible unit mismatch or data error
numOfExecutiveChangesDuringFy,Row 202,7.0,0.96,3.4,REVIEW — possible unit mismatch or data error
numOfExecutiveChangesDuringFy,Row 211,12.0,0.96,6.1,REVIEW — possible unit mismatch or data error
numOfExecutiveChangesDuringFy,Row 215,8.0,0.96,3.9,REVIEW — possible unit mismatch or data error
numOfExecutiveChangesDuringFy,Row 217,8.0,0.96,3.9,REVIEW — possible unit mismatch or data error
numOfExecutiveChangesDuringFy,Row 274,9.0,0.96,4.5,REVIEW — possible unit mismatch or data error
numberOfBodChangesDuringFy,Row 5,17.0,2.76,4.1,REVIEW — possible unit mismatch or data error
numberOfBodChangesDuringFy,Row 47,19.0,2.76,4.7,REVIEW — possible unit mismatch or data error
numberOfBodChangesDuringFy,Row 136,14.0,2.76,3.3,REVIEW — possible unit mismatch or data error
numberOfBodChangesDuringFy,Row 148,21.0,2.76,5.3,REVIEW — possible unit mismatch or data error
numberOfBodChangesDuringFy,Row 202,24.0,2.76,6.2,REVIEW — possible unit mismatch or data error
ceoTenureAsOfFyEnd,Row 15,33.0,6.45,4.4,REVIEW — possible unit mismatch or data error
ceoTenureAsOfFyEnd,Row 46,27.0,6.45,3.4,REVIEW — possible unit mismatch or data error
ceoTenureAsOfFyEnd,Row 80,24.7,6.45,3.0,REVIEW — possible unit mismatch or data error
ceoTenureAsOfFyEnd,Row 182,30.0,6.45,3.9,REVIEW — possible unit mismatch or data error
ceoTenureAsOfFyEnd,Row 220,27.7,6.45,3.5,REVIEW — possible unit mismatch or data error
ceoTenureAsOfFyEnd,Row 230,27.0,6.45,3.4,REVIEW — possible unit mismatch or data error
ceoTenureAsOfFyEnd,Row 255,27.1,6.45,3.4,REVIEW — possible unit mismatch or data error
cfoTenureAsOfFyEnd,Row 23,19.5,4.64,3.5,REVIEW — possible unit mismatch or data error
cfoTenureAsOfFyEnd,Row 230,26.0,4.64,5.0,REVIEW — possible unit mismatch or data error
cooTenureAsOfFyEnd,Row 49,12.1,2.89,3.3,REVIEW — possible unit mismatch or data error
boardAgeLimit,Row 69,85.0,71.43,4.2,REVIEW — possible unit mismatch or data error
boardAgeLimit,Row 79,85.0,71.43,4.2,REVIEW — possible unit mismatch or data error
auditCommitteeMeetings,Row 4,52.0,7.14,9.5,REVIEW — possible unit mismatch or data error
auditCommitteeMeetings,Row 202,35.0,7.14,5.9,REVIEW — possible unit mismatch or data error
auditCommitteeMeetings,Row 232,23.0,7.14,3.4,REVIEW — possible unit mismatch or data error
yearsAuditorEmployed,Row 12,50.0,10.34,3.8,REVIEW — possible unit mismatch or data error
yearsAuditorEmployed,Row 70,49.0,10.34,3.7,REVIEW — possible unit mismatch or data error
yearsAuditorEmployed,Row 88,45.0,10.34,3.3,REVIEW — possible unit mismatch or data error
yearsAuditorEmployed,Row 225,102.0,10.34,8.7,REVIEW — possible unit mismatch or data error
audit_committee_independence_pct,Row 135,16.67,85.39,-3.4,REVIEW — possible unit mismatch or data error
auditCommitteeMeetingAttendPct,Row 60,83.33,98.11,-4.3,REVIEW — possible unit mismatch or data error
auditCommitteeMeetingAttendPct,Row 116,85.71,98.11,-3.6,REVIEW — possible unit mismatch or data error
auditCommitteeMeetingAttendPct,Row 174,86.66,98.11,-3.3,REVIEW — possible unit mismatch or data error
auditCommitteeMeetingAttendPct,Row 197,83.33,98.11,-4.3,REVIEW — possible unit mismatch or data error
auditCommitteeMeetingAttendPct,Row 200,83.87,98.11,-4.1,REVIEW — possible unit mismatch or data error
auditCommitteeMeetingAttendPct,Row 258,86.66,98.11,-3.3,REVIEW — possible unit mismatch or data error
sustainInvToCapex,Row 135,42.6,2.06,4.5,REVIEW — possible unit mismatch or data error
numOfNominationCommitteeMtg,Row 56,21.0,6.01,3.7,REVIEW — possible unit mismatch or data error
numOfNominationCommitteeMtg,Row 106,21.0,6.01,3.7,REVIEW — possible unit mismatch or data error
numOfNominationCommitteeMtg,Row 202,22.0,6.01,3.9,REVIEW — possible unit mismatch or data error
numOfNominationCommitteeMtg,Row 207,25.0,6.01,4.7,REVIEW — possible unit mismatch or data error
nominationCmteMtgAttendPct,Row 118,0.0,98.03,-12.6,REVIEW — possible unit mismatch or data error
boardMeetingsPerYr,Row 80,48.0,11.22,6.4,REVIEW — possible unit mismatch or data error
boardMeetingsPerYr,Row 108,32.0,11.22,3.6,REVIEW — possible unit mismatch or data error
boardMeetingsPerYr,Row 130,29.0,11.22,3.1,REVIEW — possible unit mismatch or data error
boardMeetingsPerYr,Row 278,36.0,11.22,4.3,REVIEW — possible unit mismatch or data error
boardMeetingAttendancePct,Row 24,81.25,97.71,-5.2,REVIEW — possible unit mismatch or data error
boardMeetingAttendancePct,Row 63,86.86,97.71,-3.4,REVIEW — possible unit mismatch or data error
boardMeetingAttendancePct,Row 69,86.0,97.71,-3.7,REVIEW — possible unit mismatch or data error
boardMeetingAttendancePct,Row 98,84.61,97.71,-4.2,REVIEW — possible unit mismatch or data error
boardMeetingAttendancePct,Row 178,84.0,97.71,-4.4,REVIEW — possible unit mismatch or data error
boardMeetingAttendancePct,Row 210,82.29,97.71,-4.9,REVIEW — possible unit mismatch or data error
boardMeetingAttendancePct,Row 224,88.0,97.71,-3.1,REVIEW — possible unit mismatch or data error
numOfDirAttendLtPctOfMtg75,Row 98,4.0,0.14,8.8,REVIEW — possible unit mismatch or data error
numOfDirAttendLtPctOfMtg75,Row 143,2.0,0.14,4.3,REVIEW — possible unit mismatch or data error
numOfDirAttendLtPctOfMtg75,Row 169,2.0,0.14,4.3,REVIEW — possible unit mismatch or data error
numOfDirAttendLtPctOfMtg75,Row 179,2.0,0.14,4.3,REVIEW — possible unit mismatch or data error
indDirectorsBrdMtgAttendPct,Row 3,80.0,97.86,-5.6,REVIEW — possible unit mismatch or data error
indDirectorsBrdMtgAttendPct,Row 24,81.25,97.86,-5.2,REVIEW — possible unit mismatch or data error
indDirectorsBrdMtgAttendPct,Row 63,86.86,97.86,-3.5,REVIEW — possible unit mismatch or data error
indDirectorsBrdMtgAttendPct,Row 98,86.36,97.86,-3.6,REVIEW — possible unit mismatch or data error
indDirectorsBrdMtgAttendPct,Row 260,84.82,97.86,-4.1,REVIEW — possible unit mismatch or data error
auditorRatificationNumVotes,Row 242,210751008.0,1883560.91,10.5,REVIEW — possible unit mismatch or data error
auditorRatifNumVotesAga,Row 242,129293.0,1170.94,10.5,REVIEW — possible unit mismatch or data error
auditorRatificationSupLevl,Row 201,55.73,97.58,-7.5,REVIEW — possible unit mismatch or data error
auditorRatificationSupLevl,Row 224,77.49,97.58,-3.6,REVIEW — possible unit mismatch or data error
auditRatifNumVotesAbstain,Row 242,197770.0,2242.71,9.3,REVIEW — possible unit mismatch or data error
directorElectionVotePolicy,Row 139,2.0,1.01,11.9,REVIEW — possible unit mismatch or data error
amountOfEuTaxnmyEligbleRevenue,Row 29,364438000000.0,10442571563.24,11.6,REVIEW — possible unit mismatch or data error
amountOfEuTaxnmyEligbleRevenue,Row 51,108794000000.0,10442571563.24,3.2,REVIEW — possible unit mismatch or data error
amountOfEuTaxnmyEligbleRevenue,Row 56,149766000000.0,10442571563.24,4.5,REVIEW — possible unit mismatch or data error
amountOfEuTaxnmyEligbleRevenue,Row 95,181965000000.0,10442571563.24,5.6,REVIEW — possible unit mismatch or data error
amountOfEuTaxnmyEligbleRevenue,Row 107,110912000000.0,10442571563.24,3.3,REVIEW — possible unit mismatch or data error
pctOfRevenuePotntiallyAligndWithEuTaxnmy,Row 90,100.0,8.88,4.0,REVIEW — possible unit mismatch or data error
pctOfRevenuePotntiallyAligndWithEuTaxnmy,Row 148,99.65,8.88,4.0,REVIEW — possible unit mismatch or data error
pctOfRevenuePotntiallyAligndWithEuTaxnmy,Row 152,100.0,8.88,4.0,REVIEW — possible unit mismatch or data error
pctOfRevenuePotntiallyAligndWithEuTaxnmy,Row 156,90.68,8.88,3.6,REVIEW — possible unit mismatch or data error
pctOfRevenuePotntiallyAligndWithEuTaxnmy,Row 162,100.0,8.88,4.0,REVIEW — possible unit mismatch or data error
pctOfRevenuePotntiallyAligndWithEuTaxnmy,Row 170,94.68,8.88,3.8,REVIEW — possible unit mismatch or data error
amountOfRevenuePotntiallyAligndWithEuTaxnmy,Row 56,79883000000.0,2609799496.48,7.1,REVIEW — possible unit mismatch or data error
amountOfRevenuePotntiallyAligndWithEuTaxnmy,Row 156,86960000000.0,2609799496.48,7.7,REVIEW — possible unit mismatch or data error
euTaxnmyPotntiallyAligndMitgtnAmountRevenue,Row 56,79883000000.0,5849550595.56,4.7,REVIEW — possible unit mismatch or data error
euTaxnmyPotntiallyAligndMitgtnAmountRevenue,Row 156,86960000000.0,5849550595.56,5.1,REVIEW — possible unit mismatch or data error
euTaxnmyEstmatdDnshMitgtnLevl1,Row 6,11.11,64.77,-3.2,REVIEW — possible unit mismatch or data error
euTaxnmyEstmatdDnshMitgtnLevl1,Row 109,11.11,64.77,-3.2,REVIEW — possible unit mismatch or data error
euTaxnmyEstmatdDnshMitgtnLevl1,Row 158,11.11,64.77,-3.2,REVIEW — possible unit mismatch or data error
euTaxnmyEstmatdDnshMitgtnLevl1,Row 200,0.0,64.77,-3.8,REVIEW — possible unit mismatch or data error
euTaxnmyEstmatdDnshMitgtnLevl1,Row 205,11.11,64.77,-3.2,REVIEW — possible unit mismatch or data error
euTaxnmyEstmatdDnshMitgtnLevl1,Row 206,11.11,64.77,-3.2,REVIEW — possible unit mismatch or data error
euTaxnmyEstmatdDnshMitgtnLevl1,Row 233,11.11,64.77,-3.2,REVIEW — possible unit mismatch or data error
euTaxnmyEstmatdDnshMitgtnLevl1,Row 268,11.11,64.77,-3.2,REVIEW — possible unit mismatch or data error
euTaxnmyEstmatdDnshWasteLevl1,Row 158,0.0,53.36,-3.3,REVIEW — possible unit mismatch or data error
euTaxnmyEstmatdDnshWasteLevl1,Row 200,0.0,53.36,-3.3,REVIEW — possible unit mismatch or data error
euTaxnmyEstmatdDnshWasteLevl1,Row 205,0.0,53.36,-3.3,REVIEW — possible unit mismatch or data error
euTaxnmyEstmatdDnshBiodiverstyLevl1,Row 5,100.0,37.55,3.6,REVIEW — possible unit mismatch or data error
euTaxnmyEstmatdDnshBiodiverstyLevl1,Row 56,100.0,37.55,3.6,REVIEW — possible unit mismatch or data error
euTaxnmyEstmatdDnshBiodiverstyLevl1,Row 194,100.0,37.55,3.6,REVIEW — possible unit mismatch or data error
euTaxnmyEstmatdDnshBiodiverstyLevl1,Row 195,100.0,37.55,3.6,REVIEW — possible unit mismatch or data error
euTaxnmyMssEstmatd,Row 6,9.09,88.61,-4.7,REVIEW — possible unit mismatch or data error
euTaxnmyMssEstmatd,Row 109,0.0,88.61,-5.2,REVIEW — possible unit mismatch or data error
euTaxnmyMssEstmatd,Row 158,9.09,88.61,-4.7,REVIEW — possible unit mismatch or data error
euTaxnmyMssEstmatd,Row 183,9.09,88.61,-4.7,REVIEW — possible unit mismatch or data error
euTaxnmyMssEstmatd,Row 200,9.09,88.61,-4.7,REVIEW — possible unit mismatch or data error
euTaxnmyMssEstmatd,Row 205,9.09,88.61,-4.7,REVIEW — possible unit mismatch or data error
euTaxnmyMssEstmatd,Row 268,9.09,88.61,-4.7,REVIEW — possible unit mismatch or data error
euTaxnmyEligbleRevenueAmount,Row 29,197274.0,7824.3,8.4,REVIEW — possible unit mismatch or data error
euTaxnmyEligbleRevenueAmount,Row 156,78630.6,7824.3,3.1,REVIEW — possible unit mismatch or data error
euTaxnmyEligbleCapexAmount,Row 29,10310.3,1197.38,3.6,REVIEW — possible unit mismatch or data error
euTaxnmyEligbleCapexAmount,Row 94,11691.0,1197.38,4.1,REVIEW — possible unit mismatch or data error
euTaxnmyEligbleCapexAmount,Row 152,16646.3,1197.38,6.0,REVIEW — possible unit mismatch or data error
euTaxnmyEligbleOpexAmount,Row 29,12118.9,639.36,6.1,REVIEW — possible unit mismatch or data error
euTaxnmyEligbleOpexAmount,Row 119,10742.0,639.36,5.4,REVIEW — possible unit mismatch or data error
pctOfRevenueAligndWithEuTaxnmy,Row 24,57.0,6.94,3.1,REVIEW — possible unit mismatch or data error
pctOfRevenueAligndWithEuTaxnmy,Row 152,67.0,6.94,3.7,REVIEW — possible unit mismatch or data error
amountOfRevenueAligndWithEuTaxnmy,Row 56,42000.0,2229.75,5.1,REVIEW — possible unit mismatch or data error
amountOfRevenueAligndWithEuTaxnmy,Row 94,35150.0,2229.75,4.2,REVIEW — possible unit mismatch or data error
amountOfCapexAligndWithEuTaxnmy,Row 152,16039.1,1141.55,4.3,REVIEW — possible unit mismatch or data error
euTaxnmyAligndOpexPct,Row 152,84.0,9.71,3.2,REVIEW — possible unit mismatch or data error
euTaxnmyAligndOpexAmount,Row 152,5308.01,168.37,6.3,REVIEW — possible unit mismatch or data error
